Workbook
Name a: 'LV Cable sizing_SS-1'!$C$4

Sheet Basis & Assumptions (2)
A2: Assumptions and Inputs considered for MV & LV cable sizing
A4: 1) | B4: All MV & LV cables are considered to be laid in Air / Trench with cover Cable Tray and de-rated accordingly.
A5: 2) | B5: All MV & LV multi-core cables are considered to be laid on touching formation and de-rated accordingly.
A6: 3) | B6: All MV single core cables are considered to be laid in Trefoil Formation with 150mm spacing and de-rated accordingly.
A7: 4) | B7: All LV single core cables are considered to be laid in Trefoil Formation and de-rated accordingly.
A8: 5) | B8: Over all de-rating factor considered as mentioned below based on laying condition & method of installation: LV Multi core cable - 0.66 LV Single core cable - 0.9 MV Multi core cable - 0.664 MV Single core cable - 0.819
A9: 6) | B9: The % voltage drop is limited to 3% for outgoing motor feeders , 2.5% for outgoing Power feeders and 2% to incoming feeders.
A10: 7) | B10: The % voltage drop is limited to 15% for motor feeders during starting.
A11: 8) | B11: For both MV & LV Cable sizing all required datas are taken from reference Catalogue (KEC/RPG Make Catalogue). Further final Cable sizing/BOQ shall be updated based on final vendor data during Detail Engg. Stage.
A12: 9) | B12: Desalination package both MV & LV power cable has kept under hold & same shall be revised after the finaliziation of scope.
A13: 10) | B13: Wherever the location of load is unknown, an approximate location is assumed and % voltage drop is calculated.
A14: 11) | B14: This cable sizing is done based on the "Electrical Load List, Rev-1". And same will be revised after finalization of final Loas list.
A15: 12) | B15: The below mentioned pachages are part of Vendor scope, henece respective package Cable sizing / cable boq has not included. 1. Ammonia Storage area, 2. ASU Package, 3. Nitrogen Package, 4. Flare area Package, 5. Cooling tower Package. 6. ETP Package. 7. Desalination Sea Water Treatment Package. 8. Sea Water Intake system. 9. Electrolyzer Area Package.
B18: from ups sub db to I&C instrument cable lnot considered

Sheet Basis & Assumptions
A2: Basis & Assumptions considered for MV & LV cable sizing
A4: 1) | B4: All MV & LV cables are considered to be laid in Air / Trench with cover Cable Tray and de-rated accordingly.
A5: 2) | B5: All MV & LV multi-core cables are considered to be laid on touching formation and de-rated accordingly.
A6: 3) | B6: All MV single core cables are considered to be laid in Trefoil Formation with 150mm spacing and de-rated accordingly.
A7: 4) | B7: All LV single core cables are considered to be laid in Trefoil Formation and de-rated accordingly.
A8: 5) | B8: Over all de-rating factor considered as mentioned below based on laying condition & method of installation: LV Multi core cable - 0.587 LV Single core cable - 0.721 MV Multi core cable - 0.599 MV Single core cable - 0.738
A9: 6) | B9: The % voltage drop is limited to 3% for outgoing motor feeders , 2.5% for outgoing Power feeders and 2% to incoming feeders.
A10: 7) | B10: The % voltage drop is limited to 15% for motor feeders during starting.
A11: 8) | B11: For both MV & LV Cable sizing all required datas are taken from reference Catalogue (KEC/RPG Make Catalogue). Further final Cable sizing/BOQ shall be updated based on final vendor data during Detail Engg. Stage.
A12: 9) | B12: 1). All incoming cable from solar, Grid, BESS to 33kV Switchgear (MSB) cable is part of Vendor/ACME scope henace same sizing/BOQ not considered. 2). In Desalination package: a) Incoming Cable from LV VFD to PMCC-4, 11kV Switchgaer to MV VFD's, both MV & LV power cables are inculded in the sizing/BOQ. b) Further from PMCC to Motor/LCS, from LV VFD to motor/LCS, from MV VFD to motor/LCS both MV & LV power cable BOQ is part of Vendor/ACME scope hence same has not included in the sizing/BOQ.
A13: 10) | B13: Wherever the location of load is unknown, an approximate location is assumed and % voltage drop is calculated.
A14: 11) | B14: This cable sizing is done based on the "Electrical Load List, Rev-1". And same will be revised after finalization of final Loas list.
A15: 12) | B15: Cable from UPS DB/ Sub UPS DB to Instrument is not included in this sizing & same shall be considered in Instrument cable schedule/BOQ.
A16: 13) | B16: The below mentioned packages are part of Vendor scope, henece respective package Cable sizing / cable boq has not included. 1. Ammonia Storage area, 2. ASU Package, 3. Nitrogen Package, 4. Flare area Package, 5. Cooling tower Package. 6. ETP Package. 7. Desalination Sea Water Treatment Package. 8. Sea Water Intake system. 9. Electrolyzer Area Package.

Sheet Tray Sizing
B4: Cable Tray Sections | E4: A1 | F4: A | G4: B | H4: B1 | I4: C | J4: D | K4: D1 | L4: D2 | M4: D3 | N4: E | O4: E0 | P4: E1 | Q4: E2 | R4: E3 | S4: E4 | T4: E5 | U4: E6 | V4: F | W4: G | X4: G1 | Y4: G2 | Z4: G3 | AA4: G4 | AB4: H | AC4: I | AD4: J | AE4: J1 | AF4: J2 | AG4: J3 | AH4: K | AI4: L | AJ4: L1 | AK4: L2 | AL4: L3 | AM4: L4 | AN4: M | AO4: N | AP4: O | AQ4: O1 | AR4: P | AS4: Q | AT4: Q1 | AU4: Q2 | AV4: Q3 | AW4: R | AX4: R1 | AY4: R2 | AZ4: S | BA4: T
B6: 33kV MV Power Cable Trays
B7: MV Cable sizing-33kV | C7: Total Cable Dia | E7: =SUMIF(#REF!,'Tray Sizing'!E$4,#REF!) -> #REF! | F7: =SUMIF(#REF!,'Tray Sizing'!F$4,#REF!) -> #REF! | G7: =SUMIF(#REF!,'Tray Sizing'!G$4,#REF!) -> #REF! | H7: =SUMIF(#REF!,'Tray Sizing'!H$4,#REF!) -> #REF! | I7: =SUMIF(#REF!,'Tray Sizing'!I$4,#REF!) -> #REF! | J7: =SUMIF(#REF!,'Tray Sizing'!J$4,#REF!) -> #REF! | K7: =SUMIF(#REF!,'Tray Sizing'!K$4,#REF!) -> #REF! | L7: =SUMIF(#REF!,'Tray Sizing'!L$4,#REF!) -> #REF! | ... BA7: =SUMIF(#REF!,'Tray Sizing'!BA$4,#REF!) -> #REF!
B9: Total Cable Tray Dia required with 20% Margin | C9: with 20% marging | E9: =E7*1.2 -> #REF! | F9: =F7*1.2 -> #REF! | G9: =G7*1.2 -> #REF! | H9: =H7*1.2 -> #REF! | I9: =I7*1.2 -> #REF! | J9: =J7*1.2 -> #REF! | K9: =K7*1.2 -> #REF! | L9: =L7*1.2 -> #REF! | ... BA9: =BA7*1.2 -> #REF!
C11: 600 | E11: =E9/$C$11 -> #REF! | F11: =F9/$C$11 -> #REF! | G11: =G9/$C$11 -> #REF! | H11: =H9/$C$11 -> #REF! | I11: =I9/$C$11 -> #REF! | J11: =J9/$C$11 -> #REF! | K11: =K9/$C$11 -> #REF! | L11: =L9/$C$11 -> #REF! | ... BA11: =BA9/$C$11 -> #REF!
B12: 33kV MV Power Cable Trays | E12: =ROUNDUP(E11,0) -> #REF! | F12: =ROUNDUP(F11,0) -> #REF! | G12: =ROUNDUP(G11,0) -> #REF! | H12: =ROUNDUP(H11,0) -> #REF! | I12: =ROUNDUP(I11,0) -> #REF! | J12: =ROUNDUP(J11,0) -> #REF! | K12: =ROUNDUP(K11,0) -> #REF! | L12: =ROUNDUP(L11,0) -> #REF! | ... BA12: =ROUNDUP(BA11,0) -> #REF!
B18: 11kV MV Power Cable Trays
B20: MV Cable sizing-11kV | E20: =SUMIF(#REF!,'Tray Sizing'!E$4,#REF!) -> #REF! | F20: =SUMIF(#REF!,'Tray Sizing'!F$4,#REF!) -> #REF! | G20: =SUMIF(#REF!,'Tray Sizing'!G$4,#REF!) -> #REF! | H20: =SUMIF(#REF!,'Tray Sizing'!H$4,#REF!) -> #REF! | I20: =SUMIF(#REF!,'Tray Sizing'!I$4,#REF!) -> #REF! | J20: =SUMIF(#REF!,'Tray Sizing'!J$4,#REF!) -> #REF! | K20: =SUMIF(#REF!,'Tray Sizing'!K$4,#REF!) -> #REF! | L20: =SUMIF(#REF!,'Tray Sizing'!L$4,#REF!) -> #REF! | ... BA20: =SUMIF(#REF!,'Tray Sizing'!BA$4,#REF!) -> #REF!
B22: Total Cable Tray Dia required with 20% Margin | E22: =E20*1.2 -> #REF! | F22: =F20*1.2 -> #REF! | G22: =G20*1.2 -> #REF! | H22: =H20*1.2 -> #REF! | I22: =I20*1.2 -> #REF! | J22: =J20*1.2 -> #REF! | K22: =K20*1.2 -> #REF! | L22: =L20*1.2 -> #REF! | ... BA22: =BA20*1.2 -> #REF!
B27: 11kV Power Cables - Ladder Type Tray | C27: 600 | E27: =E22/$C$27 -> #REF! | F27: =F22/$C$27 -> #REF! | G27: =G22/$C$27 -> #REF! | H27: =H22/$C$27 -> #REF! | I27: =I22/$C$27 -> #REF! | J27: =J22/$C$27 -> #REF! | K27: =K22/$C$27 -> #REF! | L27: =L22/$C$27 -> #REF! | ... BA27: =BA22/$C$27 -> #REF!
E29: =ROUNDUP(E27,0) -> #REF! | F29: =ROUNDUP(F27,0) -> #REF! | G29: =ROUNDUP(G27,0) -> #REF! | H29: =ROUNDUP(H27,0) -> #REF! | I29: =ROUNDUP(I27,0) -> #REF! | J29: 2 | K29: 0 | L29: 0 | M29: 0 | N29: 2 | O29: 0 | P29: 1 | Q29: =ROUNDUP(Q27,0) -> #REF! | R29: 0 | S29: 0 | T29: 0 | U29: 0 | V29: 1 | W29: 1 | X29: =ROUNDUP(X27,0) -> #REF! | Y29: =ROUNDUP(Y27,0) -> #REF! | Z29: =ROUNDUP(Z27,0) -> #REF! | AA29: =ROUNDUP(AA27,0) -> #REF! | AB29: 0 | AC29: =ROUNDUP(AC27,0) -> #REF! | AD29: 0 | AE29: =ROUNDUP(AE27,0) -> #REF! | AF29: 0 | AG29: 0 | AH29: 0 | AI29: =ROUNDUP(AI27,0) -> #REF! | AJ29: =ROUNDUP(AJ27,0) -> #REF! | AK29: =ROUNDUP(AK27,0) -> #REF! | AL29: =ROUNDUP(AL27,0) -> #REF! | AM29: =ROUNDUP(AM27,0) -> #REF! | AN29: =ROUNDUP(AN27,0) -> #REF! | AO29: =ROUNDUP(AO27,0) -> #REF! | AP29: =ROUNDUP(AP27,0) -> #REF! | ... AR29: =ROUNDUP(AR27,0) -> #REF! | AS29: 0 | AT29: =ROUNDUP(AT27,0) -> #REF! | AU29: 0 | AV29: =ROUNDUP(AV27,0) -> #REF! | AW29: 0 | AX29: 0 | AY29: 0 | AZ29: =ROUNDUP(AZ27,0) -> #REF! | BA29: =ROUNDUP(BA27,0) -> #REF!
C31: 450 | R31: =ROUNDUP(R27,0) -> #REF! | AB31: =ROUNDUP(AB27,0) -> #REF! | AD31: =ROUNDUP(AD27,0) -> #REF! | AS31: =ROUNDUP(AS27,0) -> #REF!
C33: 300 | J33: 1 | K33: =ROUNDUP(K27,0) -> #REF! | L33: =ROUNDUP(L27,0) -> #REF! | M33: =ROUNDUP(M27,0) -> #REF! | N33: 1 | O33: =ROUNDUP(O27,0) -> #REF! | P33: 1 | S33: =ROUNDUP(S27,0) -> #REF! | T33: =ROUNDUP(T27,0) -> #REF! | U33: =ROUNDUP(U27,0) -> #REF! | AF33: =ROUNDUP(AF27,0) -> #REF! | AG33: =ROUNDUP(AG27,0) -> #REF! | AH33: =ROUNDUP(AH27,0) -> #REF! | AU33: =ROUNDUP(AU27,0) -> #REF! | AW33: =ROUNDUP(AW27,0) -> #REF! | AX33: =ROUNDUP(AX27,0) -> #REF! | AY33: =ROUNDUP(AY27,0) -> #REF!
B35: LV Power Cable Trays
B36: LV Cable sizing_SS-1_Power Cables | E36: =SUMIF('LV Cable sizing_SS-1'!#REF!,'Tray Sizing'!E$4,'LV Cable sizing_SS-1'!#REF!) -> #REF! | F36: =SUMIF('LV Cable sizing_SS-1'!#REF!,'Tray Sizing'!F$4,'LV Cable sizing_SS-1'!#REF!) -> #REF! | G36: =SUMIF('LV Cable sizing_SS-1'!#REF!,'Tray Sizing'!G$4,'LV Cable sizing_SS-1'!#REF!) -> #REF! | H36: =SUMIF('LV Cable sizing_SS-1'!#REF!,'Tray Sizing'!H$4,'LV Cable sizing_SS-1'!#REF!) -> #REF! | I36: =SUMIF('LV Cable sizing_SS-1'!#REF!,'Tray Sizing'!I$4,'LV Cable sizing_SS-1'!#REF!) -> #REF! | J36: =SUMIF('LV Cable sizing_SS-1'!#REF!,'Tray Sizing'!J$4,'LV Cable sizing_SS-1'!#REF!) -> #REF! | K36: =SUMIF('LV Cable sizing_SS-1'!#REF!,'Tray Sizing'!K$4,'LV Cable sizing_SS-1'!#REF!) -> #REF! | L36: =SUMIF('LV Cable sizing_SS-1'!#REF!,'Tray Sizing'!L$4,'LV Cable sizing_SS-1'!#REF!) -> #REF! | ... BA36: =SUMIF('LV Cable sizing_SS-1'!#REF!,'Tray Sizing'!BA$4,'LV Cable sizing_SS-1'!#REF!) -> #REF!
B38: LV Cable sizing_SS-2_Power Cables | E38: =SUMIF(#REF!,'Tray Sizing'!E$4,#REF!) -> #REF! | F38: =SUMIF(#REF!,'Tray Sizing'!F$4,#REF!) -> #REF! | G38: =SUMIF(#REF!,'Tray Sizing'!G$4,#REF!) -> #REF! | H38: =SUMIF(#REF!,'Tray Sizing'!H$4,#REF!) -> #REF! | I38: =SUMIF(#REF!,'Tray Sizing'!I$4,#REF!) -> #REF! | J38: =SUMIF(#REF!,'Tray Sizing'!J$4,#REF!) -> #REF! | K38: =SUMIF(#REF!,'Tray Sizing'!K$4,#REF!) -> #REF! | L38: =SUMIF(#REF!,'Tray Sizing'!L$4,#REF!) -> #REF! | ... BA38: =SUMIF(#REF!,'Tray Sizing'!BA$4,#REF!) -> #REF!
B40: LV Cable sizing_SS-3_Power Cables | E40: =SUMIF(#REF!,'Tray Sizing'!E$4,#REF!) -> #REF! | F40: =SUMIF(#REF!,'Tray Sizing'!F$4,#REF!) -> #REF! | G40: =SUMIF(#REF!,'Tray Sizing'!G$4,#REF!) -> #REF! | H40: =SUMIF(#REF!,'Tray Sizing'!H$4,#REF!) -> #REF! | I40: =SUMIF(#REF!,'Tray Sizing'!I$4,#REF!) -> #REF! | J40: =SUMIF(#REF!,'Tray Sizing'!J$4,#REF!) -> #REF! | K40: =SUMIF(#REF!,'Tray Sizing'!K$4,#REF!) -> #REF! | L40: =SUMIF(#REF!,'Tray Sizing'!L$4,#REF!) -> #REF! | ... BA40: =SUMIF(#REF!,'Tray Sizing'!BA$4,#REF!) -> #REF!
B42: LV Cable sizing_SS-4_Power Cables | E42: =SUMIF(#REF!,'Tray Sizing'!E$4,#REF!) -> #REF! | F42: =SUMIF(#REF!,'Tray Sizing'!F$4,#REF!) -> #REF! | G42: =SUMIF(#REF!,'Tray Sizing'!G$4,#REF!) -> #REF! | H42: =SUMIF(#REF!,'Tray Sizing'!H$4,#REF!) -> #REF! | I42: =SUMIF(#REF!,'Tray Sizing'!I$4,#REF!) -> #REF! | J42: =SUMIF(#REF!,'Tray Sizing'!J$4,#REF!) -> #REF! | K42: =SUMIF(#REF!,'Tray Sizing'!K$4,#REF!) -> #REF! | L42: =SUMIF(#REF!,'Tray Sizing'!L$4,#REF!) -> #REF! | ... BA42: =SUMIF(#REF!,'Tray Sizing'!BA$4,#REF!) -> #REF!
B44: LV Cable sizing_SS-5_Power Cables
B46: LV Cable sizing_SS-6_Power Cables
B48: Total Cable Tray Dia required for LV power Cable | E48: =SUM(E36:E47) -> #REF! | F48: =SUM(F36:F47) -> #REF! | G48: =SUM(G36:G47) -> #REF! | H48: =SUM(H36:H47) -> #REF! | I48: =SUM(I36:I47) -> #REF! | J48: =SUM(J36:J47) -> #REF! | K48: =SUM(K36:K47) -> #REF! | L48: =SUM(L36:L47) -> #REF! | ... BA48: =SUM(BA36:BA47) -> #REF!
B50: Total Cable Tray Dia required with 20% Margin | E50: =E48*1.2 -> #REF! | F50: =F48*1.2 -> #REF! | G50: =G48*1.2 -> #REF! | H50: =H48*1.2 -> #REF! | I50: =I48*1.2 -> #REF! | J50: =J48*1.2 -> #REF! | K50: =K48*1.2 -> #REF! | L50: =L48*1.2 -> #REF! | ... BA50: =BA48*1.2 -> #REF!
B52: LV Power Cables - Ladder Type Tray | C52: 600 | E52: =E50/$C$52 -> #REF! | F52: =F50/$C$52 -> #REF! | G52: =G50/$C$52 -> #REF! | H52: =H50/$C$52 -> #REF! | I52: =I50/$C$52 -> #REF! | J52: =J50/$C$52 -> #REF! | K52: =K50/$C$52 -> #REF! | L52: =L50/$C$52 -> #REF! | ... BA52: =BA50/$C$52 -> #REF!
E54: =ROUNDUP(E52,0) -> #REF! | F54: 10 | G54: =ROUNDUP(G52,0) -> #REF! | H54: =ROUNDUP(H52,0) -> #REF! | I54: =ROUNDUP(I52,0) -> #REF! | J54: =ROUNDUP(J52,0) -> #REF! | K54: =ROUNDUP(K52,0) -> #REF! | L54: 0 | M54: =ROUNDUP(M52,0) -> #REF! | N54: =ROUNDUP(N52,0) -> #REF! | O54: =ROUNDUP(O52,0) -> #REF! | P54: 7 | Q54: 4 | R54: 3 | S54: 2 | T54: 1 | U54: 0 | V54: =ROUNDUP(V52,0) -> #REF! | W54: =ROUNDUP(W52,0) -> #REF! | X54: 1 | Y54: 0 | Z54: 1 | AA54: 0 | AB54: 1 | AC54: =ROUNDUP(AC52,0) -> #REF! | AD54: =ROUNDUP(AD52,0) -> #REF! | AE54: =ROUNDUP(AE52,0) -> #REF! | AF54: =ROUNDUP(AF52,0) -> #REF! | AG54: 0 | AH54: =ROUNDUP(AH52,0) -> #REF! | AI54: =ROUNDUP(AI52,0) -> #REF! | AJ54: =ROUNDUP(AJ52,0) -> #REF! | AK54: =ROUNDUP(AK52,0) -> #REF! | AL54: =ROUNDUP(AL52,0) -> #REF! | AM54: =ROUNDUP(AM52,0) -> #REF! | AN54: =ROUNDUP(AN52,0) -> #REF! | AO54: 0 | AP54: 0 | AQ54: 0 | AR54: =ROUNDUP(AR52,0) -> #REF! | AS54: 0 | AT54: 0 | AU54: 0 | AV54: 5 | AW54: 5 | AX54: 4 | AY54: =ROUNDUP(AY52,0) -> #REF! | AZ54: 2 | BA54: =ROUNDUP(BA52,0) -> #REF!
C56: 450 | Q56: 1 | U56: =ROUNDUP(U52,0) -> #REF! | AS56: =ROUNDUP(AS52,0) -> #REF!
C58: 300 | L58: =ROUNDUP(L52,0) -> #REF! | R58: 1 | S58: 1 | T58: 1 | X58: 1 | Y58: =ROUNDUP(Y52,0) -> #REF! | Z58: 1 | AA58: =ROUNDUP(AA52,0) -> #REF! | AB58: 1 | AG58: =ROUNDUP(AG52,0) -> #REF! | AO58: =ROUNDUP(AO52,0) -> #REF! | AP58: =ROUNDUP(AP52,0) -> #REF! | AQ58: =ROUNDUP(AQ52,0) -> #REF! | AT58: =ROUNDUP(AT52,0) -> #REF! | AU58: 1 | AX58: 1 | AZ58: 1
B60: LV Control Cables - Ladder Type Tray | C60: 600 | E60: 1 | F60: 1 | G60: 1 | H60: 1 | I60: 1 | J60: 1 | K60: 1 | L60: 1 | M60: 1 | N60: 1 | O60: 1 | P60: 1 | Q60: 1 | R60: 1 | S60: 1 | T60: 1 | U60: 0 | V60: 0 | W60: 1 | X60: 1 | Y60: 0 | Z60: 1 | AA60: 0 | AB60: 1 | AC60: 1 | AD60: 1 | AE60: 1 | AF60: 1 | AG60: 0 | AH60: 1 | AI60: 1 | AJ60: 1 | AK60: 1 | AL60: 1 | AM60: 1 | AN60: 1 | AO60: 0 | AP60: 0 | AQ60: 0 | AR60: 1 | AS60: 1 | AT60: 1 | AU60: 0 | AV60: 1 | AW60: 1 | AX60: 1 | AY60: 0 | AZ60: 0 | BA60: 0
C62: 450 | U62: 1
C64: 300 | V64: =ROUNDUP(V54,0) -> #REF! | Y64: =ROUNDUP(Y58,0) -> #REF! | AA64: =ROUNDUP(AA58,0) -> #REF! | AC64: =ROUNDUP(AC58,0) -> 0 | AD64: =ROUNDUP(AD58,0) -> 0 | AG64: =ROUNDUP(AG58,0) -> #REF! | AO64: 0 | AP64: =ROUNDUP(AP58,0) -> #REF! | AQ64: =ROUNDUP(AQ58,0) -> #REF! | AS64: 1 | AT64: =ROUNDUP(AT58,0) -> #REF! | AU64: =ROUNDUP(AU58,0) -> 1 | AV64: 1 | AW64: 1 | AX64: 1 | AY64: 0 | AZ64: 1 | BA64: 1
B67: Instrumentation Cable Trays | E67: 1 | F67: 3 | G67: 3 | H67: 14 | I67: 8 | J67: 4 | K67: 4 | L67: 4 | M67: 4 | N67: 4 | O67: 4 | P67: 4 | Q67: 4 | R67: 4 | S67: 4 | T67: 4 | U67: 4 | AO67: 2 | AP67: 2 | AR67: 2 | AS67: 2 | AT67: 1 | AU67: 2 | AV67: 2 | AW67: 2 | AX67: 2 | AY67: 1 | AZ67: 1 | BA67: 1
E69: 1 | F69: 2 | G69: 12 | H69: 2 | I69: 8 | J69: 4 | K69: 4 | L69: 4 | M69: 4 | N69: 4 | O69: 4 | P69: 4 | Q69: 4 | R69: 4 | S69: 4 | T69: 4 | U69: 4 | AO69: 2 | AP69: 2 | AR69: 2
B71: Instrumentation Cable Trays
B72: IS Cable Tray | C72: Total Cable Dia
C73: 600
C74: 450
C75: 300
B78: Non IS Cable Tray | C78: Total Cable Dia
C79: 600
C80: 450
C81: 300
B83: F&G Cable Tray | C83: Total Cable Dia
C84: 600
C85: 450
C86: 300
B88: FOC & Telecom Cable Tray | C88: Total Cable Dia
C89: 600
C90: 450
C91: 300
E95: =10+59+17.5+40+7 -> 133.5
E96: =10+59+17.5+40+10 -> 136.5
E97: =10+59+17.5+56+12+18 -> 172.5
E98: =10+59+17.5+56+47 -> 189.5
E99: =10+59+17.5+56+72 -> 214.5
E100: =10+59+17.5+56+55+7 -> 204.5
B126: SS-2 to Admin
B127: SS-2 to Canteen
B128: SS-2 to Fire room
B129: SS-2 to Store
B130: SS-2 to OHC
B131: SS-2 to Whorehouse

Sheet Catalogue Aluminium
B3: LV Cable Catalogue (KEC/RPG Make Catalogue Attached) | J3: DERATING FACTORS
B5: 1-core cable | G5: 0.6/1.0 kV
B7: Size in mm2 | C7: Current carrying capacity | F7: AC Resistance Ohm/km 90°C | G7: Reactance Ohm/km | H7: Cable Dia | I7: LV | J7: XLPE | K7: Ambient temperature (50°C) (K1) | L7: Grouping factor (K2) 4 trafoil groups, 6 tier trays with Touching | N7: Ground temperature (35°C) (K3) | O7: Depth of laying (900 mm) (K4) | Q7: Thermal resistivity of ground (1.2 K.m/W) (K5)
C8: Air | D8: Ground | E8: Duct | L8: Single core (Trefoil Formation with Touching) | M8: Multi core (Touching) | O8: Single core | P8: Multi core | Q8: Cable Size | R8: Single core | S8: Multi core
B9: 1C X 185 | C9: 370 | D9: 290 | E9: 224 | F9: 0.21 | G9: 0.0875 | H9: 26 | I9: 690/400V | J9: AIR | K9: 0.89 | L9: 0.81 | M9: 0.66 | N9: NA | O9: NA | P9: NA
B10: 1C X 240 | C10: 445 | D10: 340 | E10: 283 | F10: 0.16 | G10: 0.0866 | H10: 28 | J10: Duct | K10: NA | L10: 0.74 | M10: 0.71 | N10: 0.96 | O10: 0.98 | P10: 0.98 | Q10: 1.5 | R10: 1.09 | S10: 1.05
B11: 1C X 300 | C11: 514 | D11: 382 | E11: 317 | F11: 0.128 | G11: 0.0857 | H11: 31 | J11: Ground | K11: NA | L11: 0.61 | M11: 0.54 | N11: 0.96 | O11: 0.98 | P11: 0.98 | Q11: 2.5 | R11: 1.09 | S11: 1.05
B12: 1C X 400 | C12: 605 | D12: 437 | E12: 370 | F12: 0.1 | G12: 0.0855 | H12: 34 | J12: Trench with cover | K12: 0.89 | L12: 0.81 | M12: 0.66 | N12: NA | O12: NA | P12: NA | Q12: 4 | R12: 1.09 | S12: 1.05 | AA12: 0.76
B13: 1C X 500 | C13: 704 | D13: 500 | E13: 428 | F13: 0.0774 | G13: 0.0851 | H13: 38 | Q13: 6 | R13: 1.09 | S13: 1.05
B14: 1C X 630 | C14: 822 | D14: 565 | E14: 464 | F14: 0.06 | G14: 0.0843 | H14: 42 | Q14: 10 | R14: 1.09 | S14: 1.06
Q15: 16 | R15: 1.09 | S15: 1.06
B16: 2-core cable | G16: 0.6/1.0 kV | Q16: 25 | R16: 1.09 | S16: 1.08
B17: Size in mm2 | C17: Current carrying capacity | F17: AC Resistance Ohm/km 90°C | G17: Reactance Ohm/km | H17: Cable Dia | Q17: 35 | R17: 1.09 | S17: 1.08
C18: Air | D18: Ground | E18: Duct | Q18: 50 | R18: 1.09 | S18: 1.08
B19: 2C X 1.5 | C19: 29 | D19: 33 | E19: 29 | F19: 15.5 | G19: 0.108 | H19: 12 | Q19: 70 | R19: 1.1 | S19: 1.08
B20: 2C X 2.5 | C20: 39 | D20: 43 | E20: 37 | F20: 9.48 | G20: 0.1007 | H20: 13 | Q20: 95 | R20: 1.1 | S20: 1.08
B21: 2C X 4 | C21: 48 | D21: 54 | E21: 46 | F21: 5.9 | G21: 0.0947 | H21: 14 | Q21: 120 | R21: 1.1 | S21: 1.08
B22: 2C X 6 | C22: 59 | D22: 66 | E22: 58 | F22: 3.94 | G22: 0.0902 | H22: 15 | Q22: 150 | R22: 1.1 | S22: 1.09
B23: 2C X 10 | C23: 62 | D23: 70 | E23: 57 | F23: 3.94 | G23: 0.0852 | H23: 17 | Q23: 185 | R23: 1.1 | S23: 1.09
B24: 2C X 16 | C24: 79 | D24: 90 | E24: 75 | F24: 2.44 | G24: 0.0815 | H24: 18 | Q24: 240 | R24: 1.1 | S24: 1.09
B25: 2C X 25 | C25: 108 | D25: 117 | E25: 99 | F25: 1.54 | G25: 0.0816 | H25: 20 | Q25: 300 | R25: 1.1 | S25: 1.09
B26: 2C X 35 | C26: 143 | D26: 140 | E26: 117 | F26: 1.11 | G26: 0.0794 | H26: 21 | Q26: 400 | R26: 1.11 | S26: 1.1
B27: 2C X 50 | C27: 173 | D27: 168 | E27: 143 | F27: 0.82 | G27: 0.0792 | H27: 24 | Q27: 500 | R27: 1.11 | S27: 1.1
B28: 2C X 70 | C28: 212 | D28: 202 | E28: 177 | F28: 0.567 | G28: 0.0752 | H28: 27 | Q28: 630 | R28: 1.11 | S28: 1.1
B29: 2C X 95 | C29: 257 | D29: 243 | E29: 217 | F29: 0.41 | G29: 0.0734 | H29: 30
B30: 2C X 120 | C30: 295 | D30: 273 | E30: 247 | F30: 0.324 | G30: 0.0726 | H30: 32
B31: 2C X 150 | C31: 342 | D31: 310 | E31: 305 | F31: 0.264 | G31: 0.0732 | H31: 35
B32: 2C X 185 | C32: 395 | D32: 350 | E32: 345 | F32: 0.21 | G32: 0.0727 | H32: 39
B33: 2C X 240 | C33: 465 | D33: 401 | E33: 393 | F33: 0.16 | G33: 0.0719 | H33: 44
B34: 2C X 300 | C34: 532 | D34: 458 | E34: 453 | F34: 0.128 | G34: 0.0711 | H34: 48
B35: 2C X 400 | C35: 622 | D35: 505 | E35: 553 | F35: 0.1 | G35: 0.0705 | H35: 54
B37: 3-core cable | G37: 0.6/1.0 kV
B38: Size in mm2 | C38: Current carrying capacity | F38: AC Resistance Ohm/km 90°C | G38: Reactance Ohm/km | H38: Cable Dia
C39: Air | D39: Ground | E39: Duct
B40: 3C X 1.5 | C40: 22 | D40: 25 | E40: 22 | F40: 15.5 | G40: 0.108 | H40: 13 | AA40: 13.2
B41: 3C X 2.5 | C41: 28 | D41: 34 | E41: 28 | F41: 9.48 | G41: 0.1007 | H41: 14 | AA41: 16.8
B42: 3C X 4 | C42: 38 | D42: 44 | E42: 37 | F42: 5.9 | G42: 0.0947 | H42: 15 | AA42: 22.8
B43: 3C X 6 | C43: 51 | D43: 55 | E43: 46 | F43: 3.94 | G43: 0.0902 | H43: 16 | AA43: 30.6
B44: 3C X 10 | C44: 60 | D44: 57 | E44: 48 | F44: 3.94 | G44: 0.0852 | H44: 19 | AA44: 36
B45: 3C X 16 | C45: 70 | D45: 73 | E45: 61 | F45: 2.44 | G45: 0.0815 | H45: 19 | AA45: 42
B46: 3C X 25 | C46: 95 | D46: 96 | E46: 80 | F46: 1.54 | G46: 0.0816 | H46: 21 | AA46: 57
B47: 3C X 35 | C47: 117 | D47: 115 | E47: 96 | F47: 1.11 | G47: 0.0794 | H47: 23 | AA47: 70.2
B48: 3C X 50 | C48: 141 | D48: 134 | E48: 116 | F48: 0.82 | G48: 0.0792 | H48: 26 | AA48: 84.6
B49: 3C X 70 | C49: 177 | D49: 165 | E49: 141 | F49: 0.567 | G49: 0.0752 | H49: 30 | AA49: 106.2
B50: 3C X 95 | C50: 221 | D50: 198 | E50: 168 | F50: 0.41 | G50: 0.0734 | H50: 33 | AA50: 132.6
B51: 3C X 120 | C51: 257 | D51: 225 | E51: 189 | F51: 0.324 | G51: 0.0726 | H51: 35 | AA51: 154.2
... B56: 3C X 400 | C56: 536 | D56: 423 | E56: 282 | F56: 0.1 | G56: 0.0705 | H56: 59 | AA56: 321.6
B58: 4-core cable | G58: 0.6/1.0 kV
B59: Size in mm2 | C59: Current carrying capacity | F59: AC Resistance Ohm/km 90°C | G59: Reactance Ohm/km | H59: Cable Dia
C60: Air | D60: Ground | E60: Duct
B61: 4C X 1.5 | C61: 22 | D61: 25 | E61: 22 | F61: 15.5 | G61: 0.108 | H61: 13
B62: 4C X 2.5 | C62: 28 | D62: 34 | E62: 28 | F62: 9.48 | G62: 0.1007 | H62: 15
B63: 4C X 4 | C63: 38 | D63: 44 | E63: 37 | F63: 5.9 | G63: 0.0947 | H63: 16
B64: 4C X 6 | C64: 51 | D64: 55 | E64: 46 | F64: 3.94 | G64: 0.0902 | H64: 18
B65: 4C X 10 | C65: 60 | D65: 57 | E65: 48 | F65: 3.94 | G65: 0.0852 | H65: 20
B66: 4C X 16 | C66: 70 | D66: 73 | E66: 61 | F66: 2.44 | G66: 0.0815 | H66: 21
B67: 3.5C X 25 | C67: 95 | D67: 96 | E67: 80 | F67: 1.54 | G67: 0.0816 | H67: 25
B68: 3.5C X 35 | C68: 117 | D68: 115 | E68: 96 | F68: 1.11 | G68: 0.0794 | H68: 27
B69: 3.5C X 50 | C69: 141 | D69: 134 | E69: 116 | F69: 0.82 | G69: 0.0792 | H69: 30
B70: 3.5C X 70 | C70: 177 | D70: 165 | E70: 141 | F70: 0.567 | G70: 0.0752 | H70: 36
B71: 3.5C X 95 | C71: 221 | D71: 198 | E71: 168 | F71: 0.41 | G71: 0.0734 | H71: 39
B72: 3.5C X 120 | C72: 257 | D72: 225 | E72: 189 | F72: 0.324 | G72: 0.0726 | H72: 43
... B77: 3.5C X 400 | C77: 536 | D77: 423 | E77: 282 | F77: 0.1 | G77: 0.0705 | H77: 72
B79: 5-Core Cable | G79: 0.6/1.0 kV
B80: Size in mm2 | C80: Current carrying capacity | F80: AC Resistance Ohm/km 90°C | G80: Reactance Ohm/km | H80: Cable Dia
C81: Air | D81: Ground | E81: Duct
B82: 5C X 1.5 | C82: 22 | D82: 25 | E82: 22 | F82: 15.5 | G82: 0.108 | H82: 13
B83: 5C X 2.5 | C83: 28 | D83: 34 | E83: 28 | F83: 9.48 | G83: 0.1007 | H83: 15
B84: 5C X 4 | C84: 38 | D84: 44 | E84: 37 | F84: 5.9 | G84: 0.0947 | H84: 16
B85: 5C X 6 | C85: 51 | D85: 55 | E85: 46 | F85: 3.94 | G85: 0.0902 | H85: 18
B86: 5C X 10 | C86: 60 | D86: 57 | E86: 48 | F86: 3.94 | G86: 0.0852 | H86: 20
B87: 5C X 16 | C87: 70 | D87: 73 | E87: 61 | F87: 2.44 | G87: 0.0815 | H87: 20
B88: 5C X 25 | C88: 95 | D88: 96 | E88: 80 | F88: 1.54 | G88: 0.0816 | H88: 24
B89: 5C X 35 | C89: 117 | D89: 115 | E89: 96 | F89: 1.11 | G89: 0.0794 | H89: 26
B90: 5C X 50 | C90: 141 | D90: 134 | E90: 116 | F90: 0.82 | G90: 0.0792 | H90: 29
B91: 5C X 70 | C91: 177 | D91: 165 | E91: 141 | F91: 0.567 | G91: 0.0752 | H91: 33

Sheet Sheet2
E2: 24 nos | F2: 88 | G2: 24 | I2: =F2*G2 -> 2112 | J2: =I2*1.2 -> 2534.4 | L2: 2 nos
E3: 7 nos | F3: 86 | G3: 7 | I3: =F3*G3 -> 602 | J3: =I3*1.2 -> 722.4 | L3: 2 nos
E7: 8 nos | F7: 88 | G7: 8 | I7: =F7*G7 -> 704 | J7: =I7*1.2 -> 844.8 | L7: 2 nos
E9: 7 nos | F9: 86 | G9: 7 | I9: =F9*G9 -> 602 | J9: =I9*1.2 -> 722.4 | L9: 2 nos
F12: Electrolyzer Area Cable Tray requirement
F13: Main entry
F14: 33kV | G14: =((F2*24)+(F3*7))*1.2/600 -> 5.428 | H14: Cable Trench | I14: Ladded | J14: 600mm | K14: 6
F15: LV | G15: 1 | H15: Cable Trench | I15: Ladded | J15: 600mm | K15: 1
F16: Control | G16: 1 | H16: Cable Trench | I16: Perforated | J16: 600mm | K16: 1
F17: I&C | G17: 2 | H17: Cable Trench | I17: Perforated | J17: 600mm | K17: 2
F19: Package-1 & Electrolyzer building
F20: 33kV | G20: =((F2*8)+(F3*7))*1.2/600 -> 2.612 | H20: Cable Trench | I20: Ladded | J20: 600mm | K20: 3
F21: LV | G21: 1 | H21: Cable Trench | I21: Ladded | J21: 600mm | K21: 1
F22: Control | G22: 1 | H22: Cable Trench | I22: Perforated | J22: 600mm | K22: 1
F23: I&C | G23: 2 | H23: Cable Trench | I23: Perforated | J23: 600mm | K23: 2
F25: Package-2 & 3
F26: 33kV | G26: =((F2*16))*1.2/600 -> 2.816 | H26: Cable Trench | I26: Ladded | J26: 600mm | K26: 3
F27: LV | G27: 1 | H27: Cable Trench | I27: Ladded | J27: 600mm | K27: 1
F28: Control | G28: 1 | H28: Cable Trench | I28: Perforated | J28: 600mm | K28: 1
F29: I&C | G29: 2 | H29: Cable Trench | I29: Perforated | J29: 600mm | K29: 2
F31: Package- 3
F32: 33kV | G32: =(($F$2*8))*1.2/600 -> 1.408 | H32: Pipe Rack & Cable Trench | I32: Ladded | J32: 600mm | K32: 2
F33: LV | G33: 1 | H33: Pipe Rack & Cable Trench | I33: Ladded | J33: 600mm | K33: 1
F34: Control | G34: 1 | H34: Pipe Rack & Cable Trench | I34: Perforated | J34: 600mm | K34: 1
F35: I&C | G35: 2 | H35: Pipe Rack & Cable Trench | I35: Perforated | J35: 600mm | K35: 2

Sheet LV Cable sizing_SS-1
A2: LV POWER CABLE SIZING
A3: Sl. No | D3: LOAD | Q3: SHORT CIRCUIT CURRENT WITHSTAND CAPABILITY | T3: CABLE DATA | AI3: DERATING FACTOR | AO3: CURRENT CARRYING CAPACITY | AR3: RUNNING CONDITION VOLTAGE DROP | AT3: MOTOR STARTING VOLTAGE DROP | AV3: Selected Cable Size
B4: Tag No. | C4: From | D4: Description | E4: Equipment Location | F4: Bus | G4: Type of feeder | H4: Rated power | I4: UNIT (kW / kVa) | J4: 3Phase / 1Phase | K4: Rated Voltage (V) | L4: Power factor | M4: Efficiency | N4: Rated full load current | O4: Motor starting current | P4: Motor starting power factor | Q4: Short circuit current of switchboard (kA) | R4: Short circuit current withstand duration (sec) | S4: Minimum size required for Short circuit withstand capacity (Sq.mm) | T4: Installation | U4: No. of Cores | V4: Size in (Sq.mm) | W4: Cable size | X4: Cable size With (PE) Core | Y4: Cable Voltage (kV) | Z4: Current Rating of the Cable (A) | AA4: Cable resistance at 90°C (Ohm / Ph / km) | AB4: Cable reactance at 50Hz (Ohm / Ph / km) | AC4: Cable Length with in Electrical Building (m) | AD4: Cable Length from Electrical Building to Equipment (m) | AE4: Cable length Riser & Dropper (m) | AF4: Cable length both side dropping & Termination (m) | AG4: Spare 10% | AH4: Cable length for each run (m) | AI4: Ambient temperature (K1) | AJ4: Grouping factor (K2) | AK4: Ground temperature (K3) | AL4: Depth of laying (K4) | AM4: Thermal resistivity of ground (K5) | AN4: Overall derating factor | AO4: Derated current carrying capacity (A) | AP4: No. of Runs | AQ4: Derated current > Rated current | AR4: % VOLTAGE DROP DURING RUNNING CONDITION | AS4: % VOLTAGE DROP WITHIN PERMISSIBLE LIMIT (YES/NO) | AT4: % VOLTAGE DROP DURING STARTING CONDITION | AU4: % VOLTAGE DROP WITHIN PERMISSIBLE LIMIT DURING STARTING CONDITION (YES/NO) | AV4: Selected cable size | AW4: Selected cable size | AX4: Total Cable Length in meters | AY4: Remarks
D5: MAIN SUBSTATION
D6: PMCC-1
A7: X | B7: 1401-PM104A | C7: =$D$6 -> PMCC-1 | D7: BFW PUMP | E7: AMMONIA PLANT | F7: A | G7: MOTOR | H7: 75 | I7: kW | J7: 3Ph | K7: 400 | L7: 0.85 | M7: 0.957 | N7: =IF(I7="kVA",IF(J7="3Ph",(H7*1000/(1.732*M7*K7)),(H7*1000/(M7*K7))),IF(I7="kW",IF(J7="3Ph",(H7*1000/(1.732*M7*K7*L7)),(H7*1000/(M7*K7*L7))))) -> 133.08298 | O7: =IF(G7="MOTOR",(6*N7),IF(G7="VFD",(1*N7),0)) -> 798.49789 | P7: =IF(G7="MOTOR",0.2,"0.00") -> 0.2 | Q7: 65 | R7: 0 | S7: =(Q7*1000*SQRT(R7)/143) -> 0 | T7: AIR | U7: 3C | V7: 185 | W7: =CONCATENATE(U7," X ",V7) -> 3C X 185 | X7: =(IF(J7="1Ph",W7,IF(J7="3Ph",(IF(G7="MOTOR",(CONCATENATE(W7,"+PE")),W7))))) -> 3C X 185+PE | Y7: 0.6/1.0 | Z7: =IF(T7="AIR",VLOOKUP(W7,'Catalogue Aluminium'!$B$9:$G$91,2,FALSE),IF(T7="GROUND",VLOOKUP(W7,'Catalogue Aluminium'!$B$9:$G$91,3,FALSE),IF(T7="DUCT",VLOOKUP(W7,'Catalogue Aluminium'!$B$9:$G$91,4,FALSE),IF(T7="TRENCH",VLOOKUP(W7,'Catalogue Aluminium'!$B$9:$G$91,2,FALSE))))) -> 338 | AA7: =VLOOKUP(W7,'Catalogue Aluminium'!$B$9:$G$91,5,FALSE) -> 0.21 | AB7: =VLOOKUP(W7,'Catalogue Aluminium'!$B$9:$G$91,6,FALSE) -> 0.0727 | AC7: =26+3 -> 29 | AD7: =11+34+48+35+30+11+24+(15+18+26+3+8) -> 263 | AE7: =11+8+8+11 -> 38 | AF7: 8 | AG7: =ROUNDUP((SUM(AC7:AF7)*0.1),0) -> 34 | AI7: =IF(T7="AIR",'Catalogue Aluminium'!$K$9,IF(T7="TRENCH",'Catalogue Aluminium'!$K$12,"NA")) -> 0.89 | AJ7: =IF(T7="Air",(IF(U7="1C",'Catalogue Aluminium'!$L$9,'Catalogue Aluminium'!$M$9)),IF(T7="DUCT",(IF($U7="1C",'Catalogue Aluminium'!$L$10,'Catalogue Aluminium'!$M$10)),IF(T7="GROUND",(IF($U7="1C",'Catalogue Aluminium'!$L$11,'Catalogue Aluminium'!$M$11)),IF(T7="TRENCH",(IF($U7="1C",'Catalogue Aluminium'!$L$12,'Catalogue Aluminium'!$M$12)))))) -> 0.66 | AK7: =IF(T7="Air",'Catalogue Aluminium'!$N$9,IF(T7="GROUND",'Catalogue Aluminium'!$N$10,IF(T7="DUCT",'Catalogue Aluminium'!$N$11,IF(T7="TRENCH",'Catalogue Aluminium'!$N$12,"NA")))) -> NA | AL7: =IF(T7="Air",(IF(U7="1C",'Catalogue Aluminium'!$O$9,'Catalogue Aluminium'!$P$9)),IF(T7="DUCT",(IF($U7="1C",'Catalogue Aluminium'!$O$10,'Catalogue Aluminium'!$P$10)),IF(T7="GROUND",(IF($U7="1C",'Catalogue Aluminium'!$O$11,'Catalogue Aluminium'!$P$11)),IF(T7="TRENCH",(IF($U7="1C",'Catalogue Aluminium'!$O$12,'Catalogue Aluminium'!$P$12)))))) -> NA | AM7: =IF(T7="AIR","NA",IF(T7="TRENCH","NA",IF(T7="DUCT",IF(U7="1C",VLOOKUP(V7,'Catalogue Aluminium'!$Q$9:$S$28,2,FALSE),VLOOKUP(V7,'Catalogue Aluminium'!$Q$9:$S$28,3)),IF(T7="GROUND",IF(U7="1C",VLOOKUP(V7,'Catalogue Aluminium'!$Q$9:$S$28,2,FALSE),VLOOKUP(V7,'Catalogue Aluminium'!$Q$9:$S$28,3)))))) -> NA | AN7: =IF(T7="AIR",AI7*AJ7,IF(T7="TRENCH",AI7*AJ7,IF(T7="DUCT",AJ7*AK7*AL7*AM7,IF(T7="GROUND",AJ7*AK7*AL7*AM7)))) -> 0.5874 | AO7: =Z7*AN7 -> 198.5412 | AP7: =CEILING(((N7)/AO7),1) -> 1 | AQ7: =IF(AO7*AP7>=N7,"YES","NO") -> YES | AR7: =SQRT(3)*AH7*N7*((AA7*L7)+(AB7*SIN(ACOS(L7))))*100/(AP7*K7*1000) -> 0 | AS7: =IF(G7="INCOMER",(IF(AR7<=2,"YES","NO")),IF(G7="POWER",(IF(AR7<=2.5,"YES","NO")),IF(G7="MOTOR",(IF(AR7<=3,"YES","NO"))))) -> YES | AT7: =IF(G7="MOTOR",(SQRT(3)*AH7*O7*((AA7*P7)+(AB7*SIN(ACOS(P7))))*100/(AP7*K7*1000)),"NA") -> 0 | AU7: =IF(G7="MOTOR",IF(AT7<=15,"YES","NO"),"NA") -> YES | AV7: =IF(U7="1C",CONCATENATE(AP7,"R x ",Y7,"kV x ",U7," x ",V7," Sqmm/Phase"),CONCATENATE(AP7,"R x ",0.6,"/1kV x ",U7," x ",V7," Sqmm")) -> 1R x 0.6/1kV x 3C x 185 Sqmm | AW7: =IF(U7="1C",CONCATENATE(AP7,"R x ",Y7,"kV x ",U7," x ",V7," Sqmm/Phase"),CONCATENATE(AP7,"R x ",0.6,"/1kV x ",U7," x ",V7,(IF(G7="MOTOR","+PE",""))," Sqmm")) -> 1R x 0.6/1kV x 3C x 185+PE Sqmm
A8: X | B8: 1401-PM104B | C8: =$D$6 -> PMCC-1 | D8: SPARE BFW PUMP | E8: AMMONIA PLANT | F8: B | G8: MOTOR | H8: 75 | I8: kW | J8: 3Ph | K8: 400 | L8: 0.85 | M8: 0.957 | N8: =IF(I8="kVA",IF(J8="3Ph",(H8*1000/(1.732*M8*K8)),(H8*1000/(M8*K8))),IF(I8="kW",IF(J8="3Ph",(H8*1000/(1.732*M8*K8*L8)),(H8*1000/(M8*K8*L8))))) -> 133.08298 | O8: =IF(G8="MOTOR",(6*N8),IF(G8="VFD",(1*N8),0)) -> 798.49789 | P8: =IF(G8="MOTOR",0.2,"0.00") -> 0.2 | Q8: 65 | R8: 0 | S8: =(Q8*1000*SQRT(R8)/143) -> 0 | T8: AIR | U8: 3C | V8: 185 | W8: =CONCATENATE(U8," X ",V8) -> 3C X 185 | X8: =(IF(J8="1Ph",W8,IF(J8="3Ph",(IF(G8="MOTOR",(CONCATENATE(W8,"+PE")),W8))))) -> 3C X 185+PE | Y8: 0.6/1.0 | Z8: =IF(T8="AIR",VLOOKUP(W8,'Catalogue Aluminium'!$B$9:$G$91,2,FALSE),IF(T8="GROUND",VLOOKUP(W8,'Catalogue Aluminium'!$B$9:$G$91,3,FALSE),IF(T8="DUCT",VLOOKUP(W8,'Catalogue Aluminium'!$B$9:$G$91,4,FALSE),IF(T8="TRENCH",VLOOKUP(W8,'Catalogue Aluminium'!$B$9:$G$91,2,FALSE))))) -> 338 | AA8: =VLOOKUP(W8,'Catalogue Aluminium'!$B$9:$G$91,5,FALSE) -> 0.21 | AB8: =VLOOKUP(W8,'Catalogue Aluminium'!$B$9:$G$91,6,FALSE) -> 0.0727 | AC8: =35+3 -> 38 | AD8: =11+34+48+35+30+11+24+(15+18+26+3+8) -> 263 | AE8: =11+8+8+11 -> 38 | AF8: 8 | AG8: =ROUNDUP((SUM(AC8:AF8)*0.1),0) -> 35 | AI8: =IF(T8="AIR",'Catalogue Aluminium'!$K$9,IF(T8="TRENCH",'Catalogue Aluminium'!$K$12,"NA")) -> 0.89 | AJ8: =IF(T8="Air",(IF(U8="1C",'Catalogue Aluminium'!$L$9,'Catalogue Aluminium'!$M$9)),IF(T8="DUCT",(IF($U8="1C",'Catalogue Aluminium'!$L$10,'Catalogue Aluminium'!$M$10)),IF(T8="GROUND",(IF($U8="1C",'Catalogue Aluminium'!$L$11,'Catalogue Aluminium'!$M$11)),IF(T8="TRENCH",(IF($U8="1C",'Catalogue Aluminium'!$L$12,'Catalogue Aluminium'!$M$12)))))) -> 0.66 | AK8: =IF(T8="Air",'Catalogue Aluminium'!$N$9,IF(T8="GROUND",'Catalogue Aluminium'!$N$10,IF(T8="DUCT",'Catalogue Aluminium'!$N$11,IF(T8="TRENCH",'Catalogue Aluminium'!$N$12,"NA")))) -> NA | AL8: =IF(T8="Air",(IF(U8="1C",'Catalogue Aluminium'!$O$9,'Catalogue Aluminium'!$P$9)),IF(T8="DUCT",(IF($U8="1C",'Catalogue Aluminium'!$O$10,'Catalogue Aluminium'!$P$10)),IF(T8="GROUND",(IF($U8="1C",'Catalogue Aluminium'!$O$11,'Catalogue Aluminium'!$P$11)),IF(T8="TRENCH",(IF($U8="1C",'Catalogue Aluminium'!$O$12,'Catalogue Aluminium'!$P$12)))))) -> NA | AM8: =IF(T8="AIR","NA",IF(T8="TRENCH","NA",IF(T8="DUCT",IF(U8="1C",VLOOKUP(V8,'Catalogue Aluminium'!$Q$9:$S$28,2,FALSE),VLOOKUP(V8,'Catalogue Aluminium'!$Q$9:$S$28,3)),IF(T8="GROUND",IF(U8="1C",VLOOKUP(V8,'Catalogue Aluminium'!$Q$9:$S$28,2,FALSE),VLOOKUP(V8,'Catalogue Aluminium'!$Q$9:$S$28,3)))))) -> NA | AN8: =IF(T8="AIR",AI8*AJ8,IF(T8="TRENCH",AI8*AJ8,IF(T8="DUCT",AJ8*AK8*AL8*AM8,IF(T8="GROUND",AJ8*AK8*AL8*AM8)))) -> 0.5874 | AO8: =Z8*AN8 -> 198.5412 | AP8: =CEILING(((N8)/AO8),1) -> 1 | AQ8: =IF(AO8*AP8>=N8,"YES","NO") -> YES | AR8: =SQRT(3)*AH8*N8*((AA8*L8)+(AB8*SIN(ACOS(L8))))*100/(AP8*K8*1000) -> 0 | AS8: =IF(G8="INCOMER",(IF(AR8<=2,"YES","NO")),IF(G8="POWER",(IF(AR8<=2.5,"YES","NO")),IF(G8="MOTOR",(IF(AR8<=3,"YES","NO"))))) -> YES | AT8: =IF(G8="MOTOR",(SQRT(3)*AH8*O8*((AA8*P8)+(AB8*SIN(ACOS(P8))))*100/(AP8*K8*1000)),"NA") -> 0 | AU8: =IF(G8="MOTOR",IF(AT8<=15,"YES","NO"),"NA") -> YES | AV8: =IF(U8="1C",CONCATENATE(AP8,"R x ",Y8,"kV x ",U8," x ",V8," Sqmm/Phase"),CONCATENATE(AP8,"R x ",0.6,"/1kV x ",U8," x ",V8," Sqmm")) -> 1R x 0.6/1kV x 3C x 185 Sqmm | AW8: =IF(U8="1C",CONCATENATE(AP8,"R x ",Y8,"kV x ",U8," x ",V8," Sqmm/Phase"),CONCATENATE(AP8,"R x ",0.6,"/1kV x ",U8," x ",V8,(IF(G8="MOTOR","+PE",""))," Sqmm")) -> 1R x 0.6/1kV x 3C x 185+PE Sqmm
A9: X | B9: 1401-PM112A | C9: =$D$6 -> PMCC-1 | D9: CONDENSATE PUMP FOR 1401-C-301 | E9: AMMONIA PLANT | F9: A | G9: MOTOR | H9: 9.3 | I9: kW | J9: 3Ph | K9: 400 | L9: 0.79 | M9: 0.906 | N9: =IF(I9="kVA",IF(J9="3Ph",(H9*1000/(1.732*M9*K9)),(H9*1000/(M9*K9))),IF(I9="kW",IF(J9="3Ph",(H9*1000/(1.732*M9*K9*L9)),(H9*1000/(M9*K9*L9))))) -> 18.755117 | O9: =IF(G9="MOTOR",(6*N9),IF(G9="VFD",(1*N9),0)) -> 112.5307 | P9: =IF(G9="MOTOR",0.2,"0.00") -> 0.2 | Q9: 65 | R9: 0 | S9: =(Q9*1000*SQRT(R9)/143) -> 0 | T9: AIR | U9: 3C | V9: 50 | W9: =CONCATENATE(U9," X ",V9) -> 3C X 50 | X9: =(IF(J9="1Ph",W9,IF(J9="3Ph",(IF(G9="MOTOR",(CONCATENATE(W9,"+PE")),W9))))) -> 3C X 50+PE | Y9: 0.6/1.0 | Z9: =IF(T9="AIR",VLOOKUP(W9,'Catalogue Aluminium'!$B$9:$G$91,2,FALSE),IF(T9="GROUND",VLOOKUP(W9,'Catalogue Aluminium'!$B$9:$G$91,3,FALSE),IF(T9="DUCT",VLOOKUP(W9,'Catalogue Aluminium'!$B$9:$G$91,4,FALSE),IF(T9="TRENCH",VLOOKUP(W9,'Catalogue Aluminium'!$B$9:$G$91,2,FALSE))))) -> 141 | AA9: =VLOOKUP(W9,'Catalogue Aluminium'!$B$9:$G$91,5,FALSE) -> 0.82 | AB9: =VLOOKUP(W9,'Catalogue Aluminium'!$B$9:$G$91,6,FALSE) -> 0.0792 | AC9: =26+3 -> 29 | AD9: =11+34+48+35+30+11+24+(15+18+26+22+12+12+3+8) -> 309 | AE9: =11+8+8+11 -> 38 | AF9: 8 | AG9: =ROUNDUP((SUM(AC9:AF9)*0.1),0) -> 39 | AI9: =IF(T9="AIR",'Catalogue Aluminium'!$K$9,IF(T9="TRENCH",'Catalogue Aluminium'!$K$12,"NA")) -> 0.89 | AJ9: =IF(T9="Air",(IF(U9="1C",'Catalogue Aluminium'!$L$9,'Catalogue Aluminium'!$M$9)),IF(T9="DUCT",(IF($U9="1C",'Catalogue Aluminium'!$L$10,'Catalogue Aluminium'!$M$10)),IF(T9="GROUND",(IF($U9="1C",'Catalogue Aluminium'!$L$11,'Catalogue Aluminium'!$M$11)),IF(T9="TRENCH",(IF($U9="1C",'Catalogue Aluminium'!$L$12,'Catalogue Aluminium'!$M$12)))))) -> 0.66 | AK9: =IF(T9="Air",'Catalogue Aluminium'!$N$9,IF(T9="GROUND",'Catalogue Aluminium'!$N$10,IF(T9="DUCT",'Catalogue Aluminium'!$N$11,IF(T9="TRENCH",'Catalogue Aluminium'!$N$12,"NA")))) -> NA | AL9: =IF(T9="Air",(IF(U9="1C",'Catalogue Aluminium'!$O$9,'Catalogue Aluminium'!$P$9)),IF(T9="DUCT",(IF($U9="1C",'Catalogue Aluminium'!$O$10,'Catalogue Aluminium'!$P$10)),IF(T9="GROUND",(IF($U9="1C",'Catalogue Aluminium'!$O$11,'Catalogue Aluminium'!$P$11)),IF(T9="TRENCH",(IF($U9="1C",'Catalogue Aluminium'!$O$12,'Catalogue Aluminium'!$P$12)))))) -> NA | AM9: =IF(T9="AIR","NA",IF(T9="TRENCH","NA",IF(T9="DUCT",IF(U9="1C",VLOOKUP(V9,'Catalogue Aluminium'!$Q$9:$S$28,2,FALSE),VLOOKUP(V9,'Catalogue Aluminium'!$Q$9:$S$28,3)),IF(T9="GROUND",IF(U9="1C",VLOOKUP(V9,'Catalogue Aluminium'!$Q$9:$S$28,2,FALSE),VLOOKUP(V9,'Catalogue Aluminium'!$Q$9:$S$28,3)))))) -> NA | AN9: =IF(T9="AIR",AI9*AJ9,IF(T9="TRENCH",AI9*AJ9,IF(T9="DUCT",AJ9*AK9*AL9*AM9,IF(T9="GROUND",AJ9*AK9*AL9*AM9)))) -> 0.5874 | AO9: =Z9*AN9 -> 82.8234 | AP9: =CEILING(((N9)/AO9),1) -> 1 | AQ9: =IF(AO9*AP9>=N9,"YES","NO") -> YES | AR9: =SQRT(3)*AH9*N9*((AA9*L9)+(AB9*SIN(ACOS(L9))))*100/(AP9*K9*1000) -> 0 | AS9: =IF(G9="INCOMER",(IF(AR9<=2,"YES","NO")),IF(G9="POWER",(IF(AR9<=2.5,"YES","NO")),IF(G9="MOTOR",(IF(AR9<=3,"YES","NO"))))) -> YES | AT9: =IF(G9="MOTOR",(SQRT(3)*AH9*O9*((AA9*P9)+(AB9*SIN(ACOS(P9))))*100/(AP9*K9*1000)),"NA") -> 0 | AU9: =IF(G9="MOTOR",IF(AT9<=15,"YES","NO"),"NA") -> YES | AV9: =IF(U9="1C",CONCATENATE(AP9,"R x ",Y9,"kV x ",U9," x ",V9," Sqmm/Phase"),CONCATENATE(AP9,"R x ",0.6,"/1kV x ",U9," x ",V9," Sqmm")) -> 1R x 0.6/1kV x 3C x 50 Sqmm | AW9: =IF(U9="1C",CONCATENATE(AP9,"R x ",Y9,"kV x ",U9," x ",V9," Sqmm/Phase"),CONCATENATE(AP9,"R x ",0.6,"/1kV x ",U9," x ",V9,(IF(G9="MOTOR","+PE",""))," Sqmm")) -> 1R x 0.6/1kV x 3C x 50+PE Sqmm
A10: X | B10: 1401-PM112B | C10: =$D$6 -> PMCC-1 | D10: CONDENSATE PUMP FOR 1401-C-301 | E10: AMMONIA PLANT | F10: B | G10: MOTOR | H10: 9.3 | I10: kW | J10: 3Ph | K10: 400 | L10: 0.79 | M10: 0.906 | N10: =IF(I10="kVA",IF(J10="3Ph",(H10*1000/(1.732*M10*K10)),(H10*1000/(M10*K10))),IF(I10="kW",IF(J10="3Ph",(H10*1000/(1.732*M10*K10*L10)),(H10*1000/(M10*K10*L10))))) -> 18.755117 | O10: =IF(G10="MOTOR",(6*N10),IF(G10="VFD",(1*N10),0)) -> 112.5307 | P10: =IF(G10="MOTOR",0.2,"0.00") -> 0.2 | Q10: 65 | R10: 0 | S10: =(Q10*1000*SQRT(R10)/143) -> 0 | T10: AIR | U10: 3C | V10: 50 | W10: =CONCATENATE(U10," X ",V10) -> 3C X 50 | X10: =(IF(J10="1Ph",W10,IF(J10="3Ph",(IF(G10="MOTOR",(CONCATENATE(W10,"+PE")),W10))))) -> 3C X 50+PE | Y10: 0.6/1.0 | Z10: =IF(T10="AIR",VLOOKUP(W10,'Catalogue Aluminium'!$B$9:$G$91,2,FALSE),IF(T10="GROUND",VLOOKUP(W10,'Catalogue Aluminium'!$B$9:$G$91,3,FALSE),IF(T10="DUCT",VLOOKUP(W10,'Catalogue Aluminium'!$B$9:$G$91,4,FALSE),IF(T10="TRENCH",VLOOKUP(W10,'Catalogue Aluminium'!$B$9:$G$91,2,FALSE))))) -> 141 | AA10: =VLOOKUP(W10,'Catalogue Aluminium'!$B$9:$G$91,5,FALSE) -> 0.82 | AB10: =VLOOKUP(W10,'Catalogue Aluminium'!$B$9:$G$91,6,FALSE) -> 0.0792 | AC10: =35+3 -> 38 | AD10: =11+34+48+35+30+11+24+(15+18+26+22+12+12+3+8) -> 309 | AE10: =11+8+8+11 -> 38 | AF10: 8 | AG10: =ROUNDUP((SUM(AC10:AF10)*0.1),0) -> 40 | AI10: =IF(T10="AIR",'Catalogue Aluminium'!$K$9,IF(T10="TRENCH",'Catalogue Aluminium'!$K$12,"NA")) -> 0.89 | AJ10: =IF(T10="Air",(IF(U10="1C",'Catalogue Aluminium'!$L$9,'Catalogue Aluminium'!$M$9)),IF(T10="DUCT",(IF($U10="1C",'Catalogue Aluminium'!$L$10,'Catalogue Aluminium'!$M$10)),IF(T10="GROUND",(IF($U10="1C",'Catalogue Aluminium'!$L$11,'Catalogue Aluminium'!$M$11)),IF(T10="TRENCH",(IF($U10="1C",'Catalogue Aluminium'!$L$12,'Catalogue Aluminium'!$M$12)))))) -> 0.66 | AK10: =IF(T10="Air",'Catalogue Aluminium'!$N$9,IF(T10="GROUND",'Catalogue Aluminium'!$N$10,IF(T10="DUCT",'Catalogue Aluminium'!$N$11,IF(T10="TRENCH",'Catalogue Aluminium'!$N$12,"NA")))) -> NA | AL10: =IF(T10="Air",(IF(U10="1C",'Catalogue Aluminium'!$O$9,'Catalogue Aluminium'!$P$9)),IF(T10="DUCT",(IF($U10="1C",'Catalogue Aluminium'!$O$10,'Catalogue Aluminium'!$P$10)),IF(T10="GROUND",(IF($U10="1C",'Catalogue Aluminium'!$O$11,'Catalogue Aluminium'!$P$11)),IF(T10="TRENCH",(IF($U10="1C",'Catalogue Aluminium'!$O$12,'Catalogue Aluminium'!$P$12)))))) -> NA | AM10: =IF(T10="AIR","NA",IF(T10="TRENCH","NA",IF(T10="DUCT",IF(U10="1C",VLOOKUP(V10,'Catalogue Aluminium'!$Q$9:$S$28,2,FALSE),VLOOKUP(V10,'Catalogue Aluminium'!$Q$9:$S$28,3)),IF(T10="GROUND",IF(U10="1C",VLOOKUP(V10,'Catalogue Aluminium'!$Q$9:$S$28,2,FALSE),VLOOKUP(V10,'Catalogue Aluminium'!$Q$9:$S$28,3)))))) -> NA | AN10: =IF(T10="AIR",AI10*AJ10,IF(T10="TRENCH",AI10*AJ10,IF(T10="DUCT",AJ10*AK10*AL10*AM10,IF(T10="GROUND",AJ10*AK10*AL10*AM10)))) -> 0.5874 | AO10: =Z10*AN10 -> 82.8234 | AP10: =CEILING(((N10)/AO10),1) -> 1 | AQ10: =IF(AO10*AP10>=N10,"YES","NO") -> YES | AR10: =SQRT(3)*AH10*N10*((AA10*L10)+(AB10*SIN(ACOS(L10))))*100/(AP10*K10*1000) -> 0 | AS10: =IF(G10="INCOMER",(IF(AR10<=2,"YES","NO")),IF(G10="POWER",(IF(AR10<=2.5,"YES","NO")),IF(G10="MOTOR",(IF(AR10<=3,"YES","NO"))))) -> YES | AT10: =IF(G10="MOTOR",(SQRT(3)*AH10*O10*((AA10*P10)+(AB10*SIN(ACOS(P10))))*100/(AP10*K10*1000)),"NA") -> 0 | AU10: =IF(G10="MOTOR",IF(AT10<=15,"YES","NO"),"NA") -> YES | AV10: =IF(U10="1C",CONCATENATE(AP10,"R x ",Y10,"kV x ",U10," x ",V10," Sqmm/Phase"),CONCATENATE(AP10,"R x ",0.6,"/1kV x ",U10," x ",V10," Sqmm")) -> 1R x 0.6/1kV x 3C x 50 Sqmm | AW10: =IF(U10="1C",CONCATENATE(AP10,"R x ",Y10,"kV x ",U10," x ",V10," Sqmm/Phase"),CONCATENATE(AP10,"R x ",0.6,"/1kV x ",U10," x ",V10,(IF(G10="MOTOR","+PE",""))," Sqmm")) -> 1R x 0.6/1kV x 3C x 50+PE Sqmm
A11: 1 | B11: 1401-PM116A | C11: =$D$6 -> PMCC-1 | D11: CONDENSATE INJECTION SYSTEM PUMP | E11: AMMONIA PLANT | F11: A | G11: MOTOR | H11: 0.37 | I11: kW | J11: 3Ph | K11: 400 | L11: 0.73 | M11: 0.825 | N11: =IF(I11="kVA",IF(J11="3Ph",(H11*1000/(1.732*M11*K11)),(H11*1000/(M11*K11))),IF(I11="kW",IF(J11="3Ph",(H11*1000/(1.732*M11*K11*L11)),(H11*1000/(M11*K11*L11))))) -> 0.88678234 | O11: =IF(G11="MOTOR",(6*N11),IF(G11="VFD",(1*N11),0)) -> 5.320694 | P11: =IF(G11="MOTOR",0.2,"0.00") -> 0.2 | Q11: 65 | R11: 0 | S11: =(Q11*1000*SQRT(R11)/143) -> 0 | T11: AIR | U11: 3C | V11: 4 | W11: =CONCATENATE(U11," X ",V11) -> 3C X 4 | X11: =(IF(J11="1Ph",W11,IF(J11="3Ph",(IF(G11="MOTOR",(CONCATENATE(W11,"+PE")),W11))))) -> 3C X 4+PE | Y11: 0.6/1.0 | Z11: =IF(T11="AIR",VLOOKUP(W11,'Catalogue Aluminium'!$B$9:$G$91,2,FALSE),IF(T11="GROUND",VLOOKUP(W11,'Catalogue Aluminium'!$B$9:$G$91,3,FALSE),IF(T11="DUCT",VLOOKUP(W11,'Catalogue Aluminium'!$B$9:$G$91,4,FALSE),IF(T11="TRENCH",VLOOKUP(W11,'Catalogue Aluminium'!$B$9:$G$91,2,FALSE))))) -> 38 | AA11: =VLOOKUP(W11,'Catalogue Aluminium'!$B$9:$G$91,5,FALSE) -> 5.9 | AB11: =VLOOKUP(W11,'Catalogue Aluminium'!$B$9:$G$91,6,FALSE) -> 0.0947 | AC11: =26+3 -> 29 | AD11: =40+50+38+50+17+(27+42+51) -> 315 | AE11: =11+8+8+11 -> 38 | AF11: 8 | AG11: =ROUNDUP((SUM(AC11:AF11)*0.1),0) -> 39 | AH11: =SUM(AC11:AG11) -> 429 | AI11: =IF(T11="AIR",'Catalogue Aluminium'!$K$9,IF(T11="TRENCH",'Catalogue Aluminium'!$K$12,"NA")) -> 0.89 | AJ11: =IF(T11="Air",(IF(U11="1C",'Catalogue Aluminium'!$L$9,'Catalogue Aluminium'!$M$9)),IF(T11="DUCT",(IF($U11="1C",'Catalogue Aluminium'!$L$10,'Catalogue Aluminium'!$M$10)),IF(T11="GROUND",(IF($U11="1C",'Catalogue Aluminium'!$L$11,'Catalogue Aluminium'!$M$11)),IF(T11="TRENCH",(IF($U11="1C",'Catalogue Aluminium'!$L$12,'Catalogue Aluminium'!$M$12)))))) -> 0.66 | AK11: =IF(T11="Air",'Catalogue Aluminium'!$N$9,IF(T11="GROUND",'Catalogue Aluminium'!$N$10,IF(T11="DUCT",'Catalogue Aluminium'!$N$11,IF(T11="TRENCH",'Catalogue Aluminium'!$N$12,"NA")))) -> NA | AL11: =IF(T11="Air",(IF(U11="1C",'Catalogue Aluminium'!$O$9,'Catalogue Aluminium'!$P$9)),IF(T11="DUCT",(IF($U11="1C",'Catalogue Aluminium'!$O$10,'Catalogue Aluminium'!$P$10)),IF(T11="GROUND",(IF($U11="1C",'Catalogue Aluminium'!$O$11,'Catalogue Aluminium'!$P$11)),IF(T11="TRENCH",(IF($U11="1C",'Catalogue Aluminium'!$O$12,'Catalogue Aluminium'!$P$12)))))) -> NA | AM11: =IF(T11="AIR","NA",IF(T11="TRENCH","NA",IF(T11="DUCT",IF(U11="1C",VLOOKUP(V11,'Catalogue Aluminium'!$Q$9:$S$28,2,FALSE),VLOOKUP(V11,'Catalogue Aluminium'!$Q$9:$S$28,3)),IF(T11="GROUND",IF(U11="1C",VLOOKUP(V11,'Catalogue Aluminium'!$Q$9:$S$28,2,FALSE),VLOOKUP(V11,'Catalogue Aluminium'!$Q$9:$S$28,3)))))) -> NA | AN11: =IF(T11="AIR",AI11*AJ11,IF(T11="TRENCH",AI11*AJ11,IF(T11="DUCT",AJ11*AK11*AL11*AM11,IF(T11="GROUND",AJ11*AK11*AL11*AM11)))) -> 0.5874 | AO11: =Z11*AN11 -> 22.3212 | AP11: =CEILING(((N11)/AO11),1) -> 1 | AQ11: =IF(AO11*AP11>=N11,"YES","NO") -> YES | AR11: =SQRT(3)*AH11*N11*((AA11*L11)+(AB11*SIN(ACOS(L11))))*100/(AP11*K11*1000) -> 0.7201576 | AS11: =IF(G11="INCOMER",(IF(AR11<=2,"YES","NO")),IF(G11="POWER",(IF(AR11<=2.5,"YES","NO")),IF(G11="MOTOR",(IF(AR11<=3,"YES","NO"))))) -> YES | AT11: =IF(G11="MOTOR",(SQRT(3)*AH11*O11*((AA11*P11)+(AB11*SIN(ACOS(P11))))*100/(AP11*K11*1000)),"NA") -> 1.2580035 | AU11: =IF(G11="MOTOR",IF(AT11<=15,"YES","NO"),"NA") -> YES | AV11: =IF(U11="1C",CONCATENATE(AP11,"R x ",Y11,"kV x ",U11," x ",V11," Sqmm/Phase"),CONCATENATE(AP11,"R x ",0.6,"/1kV x ",U11," x ",V11," Sqmm")) -> 1R x 0.6/1kV x 3C x 4 Sqmm | AW11: =IF(U11="1C",CONCATENATE(AP11,"R x ",Y11,"kV x ",U11," x ",V11," Sqmm/Phase"),CONCATENATE(AP11,"R x ",0.6,"/1kV x ",U11," x ",V11,(IF(G11="MOTOR","+PE",""))," Sqmm")) -> 1R x 0.6/1kV x 3C x 4+PE Sqmm | AX11: =(IF(K11=400,(IF(U11="1C",(4*AH11*AP11),(AH11*AP11))),IF(K11=230,(AH11*AP11)))) -> 429
A12: =1+A11 -> 2 | B12: 1401-PM107A | C12: =$D$6 -> PMCC-1 | D12: PH CONTROL INJECTION SYSTEM PUMP | E12: AMMONIA PLANT | F12: B | G12: MOTOR | H12: 0.37 | I12: kW | J12: 3Ph | K12: 400 | L12: 0.73 | M12: 0.825 | N12: =IF(I12="kVA",IF(J12="3Ph",(H12*1000/(1.732*M12*K12)),(H12*1000/(M12*K12))),IF(I12="kW",IF(J12="3Ph",(H12*1000/(1.732*M12*K12*L12)),(H12*1000/(M12*K12*L12))))) -> 0.88678234 | O12: =IF(G12="MOTOR",(6*N12),IF(G12="VFD",(1*N12),0)) -> 5.320694 | P12: =IF(G12="MOTOR",0.2,"0.00") -> 0.2 | Q12: 65 | R12: 0 | S12: =(Q12*1000*SQRT(R12)/143) -> 0 | T12: AIR | U12: 3C | V12: 4 | W12: =CONCATENATE(U12," X ",V12) -> 3C X 4 | X12: =(IF(J12="1Ph",W12,IF(J12="3Ph",(IF(G12="MOTOR",(CONCATENATE(W12,"+PE")),W12))))) -> 3C X 4+PE | Y12: 0.6/1.0 | Z12: =IF(T12="AIR",VLOOKUP(W12,'Catalogue Aluminium'!$B$9:$G$91,2,FALSE),IF(T12="GROUND",VLOOKUP(W12,'Catalogue Aluminium'!$B$9:$G$91,3,FALSE),IF(T12="DUCT",VLOOKUP(W12,'Catalogue Aluminium'!$B$9:$G$91,4,FALSE),IF(T12="TRENCH",VLOOKUP(W12,'Catalogue Aluminium'!$B$9:$G$91,2,FALSE))))) -> 38 | AA12: =VLOOKUP(W12,'Catalogue Aluminium'!$B$9:$G$91,5,FALSE) -> 5.9 | AB12: =VLOOKUP(W12,'Catalogue Aluminium'!$B$9:$G$91,6,FALSE) -> 0.0947 | AC12: =35+3 -> 38 | AD12: =40+50+38+50+17+(27+30+9+5) -> 266 | AE12: =11+8+8+11 -> 38 | AF12: 8 | AG12: =ROUNDUP((SUM(AC12:AF12)*0.1),0) -> 35 | AH12: =SUM(AC12:AG12) -> 385 | AI12: =IF(T12="AIR",'Catalogue Aluminium'!$K$9,IF(T12="TRENCH",'Catalogue Aluminium'!$K$12,"NA")) -> 0.89 | AJ12: =IF(T12="Air",(IF(U12="1C",'Catalogue Aluminium'!$L$9,'Catalogue Aluminium'!$M$9)),IF(T12="DUCT",(IF($U12="1C",'Catalogue Aluminium'!$L$10,'Catalogue Aluminium'!$M$10)),IF(T12="GROUND",(IF($U12="1C",'Catalogue Aluminium'!$L$11,'Catalogue Aluminium'!$M$11)),IF(T12="TRENCH",(IF($U12="1C",'Catalogue Aluminium'!$L$12,'Catalogue Aluminium'!$M$12)))))) -> 0.66 | AK12: =IF(T12="Air",'Catalogue Aluminium'!$N$9,IF(T12="GROUND",'Catalogue Aluminium'!$N$10,IF(T12="DUCT",'Catalogue Aluminium'!$N$11,IF(T12="TRENCH",'Catalogue Aluminium'!$N$12,"NA")))) -> NA | AL12: =IF(T12="Air",(IF(U12="1C",'Catalogue Aluminium'!$O$9,'Catalogue Aluminium'!$P$9)),IF(T12="DUCT",(IF($U12="1C",'Catalogue Aluminium'!$O$10,'Catalogue Aluminium'!$P$10)),IF(T12="GROUND",(IF($U12="1C",'Catalogue Aluminium'!$O$11,'Catalogue Aluminium'!$P$11)),IF(T12="TRENCH",(IF($U12="1C",'Catalogue Aluminium'!$O$12,'Catalogue Aluminium'!$P$12)))))) -> NA | AM12: =IF(T12="AIR","NA",IF(T12="TRENCH","NA",IF(T12="DUCT",IF(U12="1C",VLOOKUP(V12,'Catalogue Aluminium'!$Q$9:$S$28,2,FALSE),VLOOKUP(V12,'Catalogue Aluminium'!$Q$9:$S$28,3)),IF(T12="GROUND",IF(U12="1C",VLOOKUP(V12,'Catalogue Aluminium'!$Q$9:$S$28,2,FALSE),VLOOKUP(V12,'Catalogue Aluminium'!$Q$9:$S$28,3)))))) -> NA | AN12: =IF(T12="AIR",AI12*AJ12,IF(T12="TRENCH",AI12*AJ12,IF(T12="DUCT",AJ12*AK12*AL12*AM12,IF(T12="GROUND",AJ12*AK12*AL12*AM12)))) -> 0.5874 | AO12: =Z12*AN12 -> 22.3212 | AP12: =CEILING(((N12)/AO12),1) -> 1 | AQ12: =IF(AO12*AP12>=N12,"YES","NO") -> YES | AR12: =SQRT(3)*AH12*N12*((AA12*L12)+(AB12*SIN(ACOS(L12))))*100/(AP12*K12*1000) -> 0.64629528 | AS12: =IF(G12="INCOMER",(IF(AR12<=2,"YES","NO")),IF(G12="POWER",(IF(AR12<=2.5,"YES","NO")),IF(G12="MOTOR",(IF(AR12<=3,"YES","NO"))))) -> YES | AT12: =IF(G12="MOTOR",(SQRT(3)*AH12*O12*((AA12*P12)+(AB12*SIN(ACOS(P12))))*100/(AP12*K12*1000)),"NA") -> 1.1289775 | AU12: =IF(G12="MOTOR",IF(AT12<=15,"YES","NO"),"NA") -> YES | AV12: =IF(U12="1C",CONCATENATE(AP12,"R x ",Y12,"kV x ",U12," x ",V12," Sqmm/Phase"),CONCATENATE(AP12,"R x ",0.6,"/1kV x ",U12," x ",V12," Sqmm")) -> 1R x 0.6/1kV x 3C x 4 Sqmm | AW12: =IF(U12="1C",CONCATENATE(AP12,"R x ",Y12,"kV x ",U12," x ",V12," Sqmm/Phase"),CONCATENATE(AP12,"R x ",0.6,"/1kV x ",U12," x ",V12,(IF(G12="MOTOR","+PE",""))," Sqmm")) -> 1R x 0.6/1kV x 3C x 4+PE Sqmm | AX12: =(IF(K12=400,(IF(U12="1C",(4*AH12*AP12),(AH12*AP12))),IF(K12=230,(AH12*AP12)))) -> 385
A13: =1+A12 -> 3 | B13: 1401-PM108A | C13: =$D$6 -> PMCC-1 | D13: PHOSPHATE INJECTION SYSTEM PUMP | E13: AMMONIA PLANT | F13: A | G13: MOTOR | H13: 0.37 | I13: kW | J13: 3Ph | K13: 400 | L13: 0.73 | M13: 0.825 | N13: =IF(I13="kVA",IF(J13="3Ph",(H13*1000/(1.732*M13*K13)),(H13*1000/(M13*K13))),IF(I13="kW",IF(J13="3Ph",(H13*1000/(1.732*M13*K13*L13)),(H13*1000/(M13*K13*L13))))) -> 0.88678234 | O13: =IF(G13="MOTOR",(6*N13),IF(G13="VFD",(1*N13),0)) -> 5.320694 | P13: =IF(G13="MOTOR",0.2,"0.00") -> 0.2 | Q13: 65 | R13: 0 | S13: =(Q13*1000*SQRT(R13)/143) -> 0 | T13: AIR | U13: 3C | V13: 4 | W13: =CONCATENATE(U13," X ",V13) -> 3C X 4 | X13: =(IF(J13="1Ph",W13,IF(J13="3Ph",(IF(G13="MOTOR",(CONCATENATE(W13,"+PE")),W13))))) -> 3C X 4+PE | Y13: 0.6/1.0 | Z13: =IF(T13="AIR",VLOOKUP(W13,'Catalogue Aluminium'!$B$9:$G$91,2,FALSE),IF(T13="GROUND",VLOOKUP(W13,'Catalogue Aluminium'!$B$9:$G$91,3,FALSE),IF(T13="DUCT",VLOOKUP(W13,'Catalogue Aluminium'!$B$9:$G$91,4,FALSE),IF(T13="TRENCH",VLOOKUP(W13,'Catalogue Aluminium'!$B$9:$G$91,2,FALSE))))) -> 38 | AA13: =VLOOKUP(W13,'Catalogue Aluminium'!$B$9:$G$91,5,FALSE) -> 5.9 | AB13: =VLOOKUP(W13,'Catalogue Aluminium'!$B$9:$G$91,6,FALSE) -> 0.0947 | AC13: =26+3 -> 29 | AD13: =40+50+38+50+17+(27+30+9+18+5) -> 284 | AE13: =11+8+8+11 -> 38 | AF13: 8 | AG13: =ROUNDUP((SUM(AC13:AF13)*0.1),0) -> 36 | AH13: =SUM(AC13:AG13) -> 395 | AI13: =IF(T13="AIR",'Catalogue Aluminium'!$K$9,IF(T13="TRENCH",'Catalogue Aluminium'!$K$12,"NA")) -> 0.89 | AJ13: =IF(T13="Air",(IF(U13="1C",'Catalogue Aluminium'!$L$9,'Catalogue Aluminium'!$M$9)),IF(T13="DUCT",(IF($U13="1C",'Catalogue Aluminium'!$L$10,'Catalogue Aluminium'!$M$10)),IF(T13="GROUND",(IF($U13="1C",'Catalogue Aluminium'!$L$11,'Catalogue Aluminium'!$M$11)),IF(T13="TRENCH",(IF($U13="1C",'Catalogue Aluminium'!$L$12,'Catalogue Aluminium'!$M$12)))))) -> 0.66 | AK13: =IF(T13="Air",'Catalogue Aluminium'!$N$9,IF(T13="GROUND",'Catalogue Aluminium'!$N$10,IF(T13="DUCT",'Catalogue Aluminium'!$N$11,IF(T13="TRENCH",'Catalogue Aluminium'!$N$12,"NA")))) -> NA | AL13: =IF(T13="Air",(IF(U13="1C",'Catalogue Aluminium'!$O$9,'Catalogue Aluminium'!$P$9)),IF(T13="DUCT",(IF($U13="1C",'Catalogue Aluminium'!$O$10,'Catalogue Aluminium'!$P$10)),IF(T13="GROUND",(IF($U13="1C",'Catalogue Aluminium'!$O$11,'Catalogue Aluminium'!$P$11)),IF(T13="TRENCH",(IF($U13="1C",'Catalogue Aluminium'!$O$12,'Catalogue Aluminium'!$P$12)))))) -> NA | AM13: =IF(T13="AIR","NA",IF(T13="TRENCH","NA",IF(T13="DUCT",IF(U13="1C",VLOOKUP(V13,'Catalogue Aluminium'!$Q$9:$S$28,2,FALSE),VLOOKUP(V13,'Catalogue Aluminium'!$Q$9:$S$28,3)),IF(T13="GROUND",IF(U13="1C",VLOOKUP(V13,'Catalogue Aluminium'!$Q$9:$S$28,2,FALSE),VLOOKUP(V13,'Catalogue Aluminium'!$Q$9:$S$28,3)))))) -> NA | AN13: =IF(T13="AIR",AI13*AJ13,IF(T13="TRENCH",AI13*AJ13,IF(T13="DUCT",AJ13*AK13*AL13*AM13,IF(T13="GROUND",AJ13*AK13*AL13*AM13)))) -> 0.5874 | AO13: =Z13*AN13 -> 22.3212 | AP13: =CEILING(((N13)/AO13),1) -> 1 | AQ13: =IF(AO13*AP13>=N13,"YES","NO") -> YES | AR13: =SQRT(3)*AH13*N13*((AA13*L13)+(AB13*SIN(ACOS(L13))))*100/(AP13*K13*1000) -> 0.66308217 | AS13: =IF(G13="INCOMER",(IF(AR13<=2,"YES","NO")),IF(G13="POWER",(IF(AR13<=2.5,"YES","NO")),IF(G13="MOTOR",(IF(AR13<=3,"YES","NO"))))) -> YES | AT13: =IF(G13="MOTOR",(SQRT(3)*AH13*O13*((AA13*P13)+(AB13*SIN(ACOS(P13))))*100/(AP13*K13*1000)),"NA") -> 1.1583015 | AU13: =IF(G13="MOTOR",IF(AT13<=15,"YES","NO"),"NA") -> YES | AV13: =IF(U13="1C",CONCATENATE(AP13,"R x ",Y13,"kV x ",U13," x ",V13," Sqmm/Phase"),CONCATENATE(AP13,"R x ",0.6,"/1kV x ",U13," x ",V13," Sqmm")) -> 1R x 0.6/1kV x 3C x 4 Sqmm | AW13: =IF(U13="1C",CONCATENATE(AP13,"R x ",Y13,"kV x ",U13," x ",V13," Sqmm/Phase"),CONCATENATE(AP13,"R x ",0.6,"/1kV x ",U13," x ",V13,(IF(G13="MOTOR","+PE",""))," Sqmm")) -> 1R x 0.6/1kV x 3C x 4+PE Sqmm | AX13: =(IF(K13=400,(IF(U13="1C",(4*AH13*AP13),(AH13*AP13))),IF(K13=230,(AH13*AP13)))) -> 395
A14: =1+A13 -> 4 | B14: 1401-PM106A | C14: =$D$6 -> PMCC-1 | D14: OXYGEN SCAVENGER SYSTEM PUMP | E14: AMMONIA PLANT | F14: B | G14: MOTOR | H14: 0.37 | I14: kW | J14: 3Ph | K14: 400 | L14: 0.73 | M14: 0.825 | N14: =IF(I14="kVA",IF(J14="3Ph",(H14*1000/(1.732*M14*K14)),(H14*1000/(M14*K14))),IF(I14="kW",IF(J14="3Ph",(H14*1000/(1.732*M14*K14*L14)),(H14*1000/(M14*K14*L14))))) -> 0.88678234 | O14: =IF(G14="MOTOR",(6*N14),IF(G14="VFD",(1*N14),0)) -> 5.320694 | P14: =IF(G14="MOTOR",0.2,"0.00") -> 0.2 | Q14: 65 | R14: 0 | S14: =(Q14*1000*SQRT(R14)/143) -> 0 | T14: AIR | U14: 3C | V14: 4 | W14: =CONCATENATE(U14," X ",V14) -> 3C X 4 | X14: =(IF(J14="1Ph",W14,IF(J14="3Ph",(IF(G14="MOTOR",(CONCATENATE(W14,"+PE")),W14))))) -> 3C X 4+PE | Y14: 0.6/1.0 | Z14: =IF(T14="AIR",VLOOKUP(W14,'Catalogue Aluminium'!$B$9:$G$91,2,FALSE),IF(T14="GROUND",VLOOKUP(W14,'Catalogue Aluminium'!$B$9:$G$91,3,FALSE),IF(T14="DUCT",VLOOKUP(W14,'Catalogue Aluminium'!$B$9:$G$91,4,FALSE),IF(T14="TRENCH",VLOOKUP(W14,'Catalogue Aluminium'!$B$9:$G$91,2,FALSE))))) -> 38 | AA14: =VLOOKUP(W14,'Catalogue Aluminium'!$B$9:$G$91,5,FALSE) -> 5.9 | AB14: =VLOOKUP(W14,'Catalogue Aluminium'!$B$9:$G$91,6,FALSE) -> 0.0947 | AC14: =35+3 -> 38 | AD14: =40+50+38+50+17+(27+30+9+2+5) -> 268 | AE14: =11+8+8+11 -> 38 | AF14: 8 | AG14: =ROUNDUP((SUM(AC14:AF14)*0.1),0) -> 36 | AH14: =SUM(AC14:AG14) -> 388 | AI14: =IF(T14="AIR",'Catalogue Aluminium'!$K$9,IF(T14="TRENCH",'Catalogue Aluminium'!$K$12,"NA")) -> 0.89 | AJ14: =IF(T14="Air",(IF(U14="1C",'Catalogue Aluminium'!$L$9,'Catalogue Aluminium'!$M$9)),IF(T14="DUCT",(IF($U14="1C",'Catalogue Aluminium'!$L$10,'Catalogue Aluminium'!$M$10)),IF(T14="GROUND",(IF($U14="1C",'Catalogue Aluminium'!$L$11,'Catalogue Aluminium'!$M$11)),IF(T14="TRENCH",(IF($U14="1C",'Catalogue Aluminium'!$L$12,'Catalogue Aluminium'!$M$12)))))) -> 0.66 | AK14: =IF(T14="Air",'Catalogue Aluminium'!$N$9,IF(T14="GROUND",'Catalogue Aluminium'!$N$10,IF(T14="DUCT",'Catalogue Aluminium'!$N$11,IF(T14="TRENCH",'Catalogue Aluminium'!$N$12,"NA")))) -> NA | AL14: =IF(T14="Air",(IF(U14="1C",'Catalogue Aluminium'!$O$9,'Catalogue Aluminium'!$P$9)),IF(T14="DUCT",(IF($U14="1C",'Catalogue Aluminium'!$O$10,'Catalogue Aluminium'!$P$10)),IF(T14="GROUND",(IF($U14="1C",'Catalogue Aluminium'!$O$11,'Catalogue Aluminium'!$P$11)),IF(T14="TRENCH",(IF($U14="1C",'Catalogue Aluminium'!$O$12,'Catalogue Aluminium'!$P$12)))))) -> NA | AM14: =IF(T14="AIR","NA",IF(T14="TRENCH","NA",IF(T14="DUCT",IF(U14="1C",VLOOKUP(V14,'Catalogue Aluminium'!$Q$9:$S$28,2,FALSE),VLOOKUP(V14,'Catalogue Aluminium'!$Q$9:$S$28,3)),IF(T14="GROUND",IF(U14="1C",VLOOKUP(V14,'Catalogue Aluminium'!$Q$9:$S$28,2,FALSE),VLOOKUP(V14,'Catalogue Aluminium'!$Q$9:$S$28,3)))))) -> NA | AN14: =IF(T14="AIR",AI14*AJ14,IF(T14="TRENCH",AI14*AJ14,IF(T14="DUCT",AJ14*AK14*AL14*AM14,IF(T14="GROUND",AJ14*AK14*AL14*AM14)))) -> 0.5874 | AO14: =Z14*AN14 -> 22.3212 | AP14: =CEILING(((N14)/AO14),1) -> 1 | AQ14: =IF(AO14*AP14>=N14,"YES","NO") -> YES | AR14: =SQRT(3)*AH14*N14*((AA14*L14)+(AB14*SIN(ACOS(L14))))*100/(AP14*K14*1000) -> 0.65133135 | AS14: =IF(G14="INCOMER",(IF(AR14<=2,"YES","NO")),IF(G14="POWER",(IF(AR14<=2.5,"YES","NO")),IF(G14="MOTOR",(IF(AR14<=3,"YES","NO"))))) -> YES | AT14: =IF(G14="MOTOR",(SQRT(3)*AH14*O14*((AA14*P14)+(AB14*SIN(ACOS(P14))))*100/(AP14*K14*1000)),"NA") -> 1.1377747 | AU14: =IF(G14="MOTOR",IF(AT14<=15,"YES","NO"),"NA") -> YES | AV14: =IF(U14="1C",CONCATENATE(AP14,"R x ",Y14,"kV x ",U14," x ",V14," Sqmm/Phase"),CONCATENATE(AP14,"R x ",0.6,"/1kV x ",U14," x ",V14," Sqmm")) -> 1R x 0.6/1kV x 3C x 4 Sqmm | AW14: =IF(U14="1C",CONCATENATE(AP14,"R x ",Y14,"kV x ",U14," x ",V14," Sqmm/Phase"),CONCATENATE(AP14,"R x ",0.6,"/1kV x ",U14," x ",V14,(IF(G14="MOTOR","+PE",""))," Sqmm")) -> 1R x 0.6/1kV x 3C x 4+PE Sqmm | AX14: =(IF(K14=400,(IF(U14="1C",(4*AH14*AP14),(AH14*AP14))),IF(K14=230,(AH14*AP14)))) -> 388
A15: =1+A14 -> 5 | B15: 1401-PM116B | C15: =$D$6 -> PMCC-1 | D15: CONDENSATE INJECTION SYSTEM PUMP | E15: AMMONIA PLANT | F15: A | G15: MOTOR | H15: 0.37 | I15: kW | J15: 3Ph | K15: 400 | L15: 0.73 | M15: 0.825 | N15: =IF(I15="kVA",IF(J15="3Ph",(H15*1000/(1.732*M15*K15)),(H15*1000/(M15*K15))),IF(I15="kW",IF(J15="3Ph",(H15*1000/(1.732*M15*K15*L15)),(H15*1000/(M15*K15*L15))))) -> 0.88678234 | O15: =IF(G15="MOTOR",(6*N15),IF(G15="VFD",(1*N15),0)) -> 5.320694 | P15: =IF(G15="MOTOR",0.2,"0.00") -> 0.2 | Q15: 65 | R15: 0 | S15: =(Q15*1000*SQRT(R15)/143) -> 0 | T15: AIR | U15: 3C | V15: 4 | W15: =CONCATENATE(U15," X ",V15) -> 3C X 4 | X15: =(IF(J15="1Ph",W15,IF(J15="3Ph",(IF(G15="MOTOR",(CONCATENATE(W15,"+PE")),W15))))) -> 3C X 4+PE | Y15: 0.6/1.0 | Z15: =IF(T15="AIR",VLOOKUP(W15,'Catalogue Aluminium'!$B$9:$G$91,2,FALSE),IF(T15="GROUND",VLOOKUP(W15,'Catalogue Aluminium'!$B$9:$G$91,3,FALSE),IF(T15="DUCT",VLOOKUP(W15,'Catalogue Aluminium'!$B$9:$G$91,4,FALSE),IF(T15="TRENCH",VLOOKUP(W15,'Catalogue Aluminium'!$B$9:$G$91,2,FALSE))))) -> 38 | AA15: =VLOOKUP(W15,'Catalogue Aluminium'!$B$9:$G$91,5,FALSE) -> 5.9 | AB15: =VLOOKUP(W15,'Catalogue Aluminium'!$B$9:$G$91,6,FALSE) -> 0.0947 | AC15: =26+3 -> 29 | AD15: =40+50+38+50+17+(27+42+51) -> 315 | AE15: =11+8+8+11 -> 38 | AF15: 8 | AG15: =ROUNDUP((SUM(AC15:AF15)*0.1),0) -> 39 | AH15: =SUM(AC15:AG15) -> 429 | AI15: =IF(T15="AIR",'Catalogue Aluminium'!$K$9,IF(T15="TRENCH",'Catalogue Aluminium'!$K$12,"NA")) -> 0.89 | AJ15: =IF(T15="Air",(IF(U15="1C",'Catalogue Aluminium'!$L$9,'Catalogue Aluminium'!$M$9)),IF(T15="DUCT",(IF($U15="1C",'Catalogue Aluminium'!$L$10,'Catalogue Aluminium'!$M$10)),IF(T15="GROUND",(IF($U15="1C",'Catalogue Aluminium'!$L$11,'Catalogue Aluminium'!$M$11)),IF(T15="TRENCH",(IF($U15="1C",'Catalogue Aluminium'!$L$12,'Catalogue Aluminium'!$M$12)))))) -> 0.66 | AK15: =IF(T15="Air",'Catalogue Aluminium'!$N$9,IF(T15="GROUND",'Catalogue Aluminium'!$N$10,IF(T15="DUCT",'Catalogue Aluminium'!$N$11,IF(T15="TRENCH",'Catalogue Aluminium'!$N$12,"NA")))) -> NA | AL15: =IF(T15="Air",(IF(U15="1C",'Catalogue Aluminium'!$O$9,'Catalogue Aluminium'!$P$9)),IF(T15="DUCT",(IF($U15="1C",'Catalogue Aluminium'!$O$10,'Catalogue Aluminium'!$P$10)),IF(T15="GROUND",(IF($U15="1C",'Catalogue Aluminium'!$O$11,'Catalogue Aluminium'!$P$11)),IF(T15="TRENCH",(IF($U15="1C",'Catalogue Aluminium'!$O$12,'Catalogue Aluminium'!$P$12)))))) -> NA | AM15: =IF(T15="AIR","NA",IF(T15="TRENCH","NA",IF(T15="DUCT",IF(U15="1C",VLOOKUP(V15,'Catalogue Aluminium'!$Q$9:$S$28,2,FALSE),VLOOKUP(V15,'Catalogue Aluminium'!$Q$9:$S$28,3)),IF(T15="GROUND",IF(U15="1C",VLOOKUP(V15,'Catalogue Aluminium'!$Q$9:$S$28,2,FALSE),VLOOKUP(V15,'Catalogue Aluminium'!$Q$9:$S$28,3)))))) -> NA | AN15: =IF(T15="AIR",AI15*AJ15,IF(T15="TRENCH",AI15*AJ15,IF(T15="DUCT",AJ15*AK15*AL15*AM15,IF(T15="GROUND",AJ15*AK15*AL15*AM15)))) -> 0.5874 | AO15: =Z15*AN15 -> 22.3212 | AP15: =CEILING(((N15)/AO15),1) -> 1 | AQ15: =IF(AO15*AP15>=N15,"YES","NO") -> YES | AR15: =SQRT(3)*AH15*N15*((AA15*L15)+(AB15*SIN(ACOS(L15))))*100/(AP15*K15*1000) -> 0.7201576 | AS15: =IF(G15="INCOMER",(IF(AR15<=2,"YES","NO")),IF(G15="POWER",(IF(AR15<=2.5,"YES","NO")),IF(G15="MOTOR",(IF(AR15<=3,"YES","NO"))))) -> YES | AT15: =IF(G15="MOTOR",(SQRT(3)*AH15*O15*((AA15*P15)+(AB15*SIN(ACOS(P15))))*100/(AP15*K15*1000)),"NA") -> 1.2580035 | AU15: =IF(G15="MOTOR",IF(AT15<=15,"YES","NO"),"NA") -> YES | AV15: =IF(U15="1C",CONCATENATE(AP15,"R x ",Y15,"kV x ",U15," x ",V15," Sqmm/Phase"),CONCATENATE(AP15,"R x ",0.6,"/1kV x ",U15," x ",V15," Sqmm")) -> 1R x 0.6/1kV x 3C x 4 Sqmm | AW15: =IF(U15="1C",CONCATENATE(AP15,"R x ",Y15,"kV x ",U15," x ",V15," Sqmm/Phase"),CONCATENATE(AP15,"R x ",0.6,"/1kV x ",U15," x ",V15,(IF(G15="MOTOR","+PE",""))," Sqmm")) -> 1R x 0.6/1kV x 3C x 4+PE Sqmm | AX15: =(IF(K15=400,(IF(U15="1C",(4*AH15*AP15),(AH15*AP15))),IF(K15=230,(AH15*AP15)))) -> 429
A16: =1+A15 -> 6 | B16: 1401-PM107B | C16: =$D$6 -> PMCC-1 | D16: PH CONTROL INJECTION SYSTEM PUMP | E16: AMMONIA PLANT | F16: B | G16: MOTOR | H16: 0.37 | I16: kW | J16: 3Ph | K16: 400 | L16: 0.73 | M16: 0.825 | N16: =IF(I16="kVA",IF(J16="3Ph",(H16*1000/(1.732*M16*K16)),(H16*1000/(M16*K16))),IF(I16="kW",IF(J16="3Ph",(H16*1000/(1.732*M16*K16*L16)),(H16*1000/(M16*K16*L16))))) -> 0.88678234 | O16: =IF(G16="MOTOR",(6*N16),IF(G16="VFD",(1*N16),0)) -> 5.320694 | P16: =IF(G16="MOTOR",0.2,"0.00") -> 0.2 | Q16: 65 | R16: 0 | S16: =(Q16*1000*SQRT(R16)/143) -> 0 | T16: AIR | U16: 3C | V16: 4 | W16: =CONCATENATE(U16," X ",V16) -> 3C X 4 | X16: =(IF(J16="1Ph",W16,IF(J16="3Ph",(IF(G16="MOTOR",(CONCATENATE(W16,"+PE")),W16))))) -> 3C X 4+PE | Y16: 0.6/1.0 | Z16: =IF(T16="AIR",VLOOKUP(W16,'Catalogue Aluminium'!$B$9:$G$91,2,FALSE),IF(T16="GROUND",VLOOKUP(W16,'Catalogue Aluminium'!$B$9:$G$91,3,FALSE),IF(T16="DUCT",VLOOKUP(W16,'Catalogue Aluminium'!$B$9:$G$91,4,FALSE),IF(T16="TRENCH",VLOOKUP(W16,'Catalogue Aluminium'!$B$9:$G$91,2,FALSE))))) -> 38 | AA16: =VLOOKUP(W16,'Catalogue Aluminium'!$B$9:$G$91,5,FALSE) -> 5.9 | AB16: =VLOOKUP(W16,'Catalogue Aluminium'!$B$9:$G$91,6,FALSE) -> 0.0947 | AC16: =35+3 -> 38 | AD16: =40+50+38+50+17+(27+30+9+5) -> 266 | AE16: =11+8+8+11 -> 38 | AF16: 8 | AG16: =ROUNDUP((SUM(AC16:AF16)*0.1),0) -> 35 | AH16: =SUM(AC16:AG16) -> 385 | AI16: =IF(T16="AIR",'Catalogue Aluminium'!$K$9,IF(T16="TRENCH",'Catalogue Aluminium'!$K$12,"NA")) -> 0.89 | AJ16: =IF(T16="Air",(IF(U16="1C",'Catalogue Aluminium'!$L$9,'Catalogue Aluminium'!$M$9)),IF(T16="DUCT",(IF($U16="1C",'Catalogue Aluminium'!$L$10,'Catalogue Aluminium'!$M$10)),IF(T16="GROUND",(IF($U16="1C",'Catalogue Aluminium'!$L$11,'Catalogue Aluminium'!$M$11)),IF(T16="TRENCH",(IF($U16="1C",'Catalogue Aluminium'!$L$12,'Catalogue Aluminium'!$M$12)))))) -> 0.66 | AK16: =IF(T16="Air",'Catalogue Aluminium'!$N$9,IF(T16="GROUND",'Catalogue Aluminium'!$N$10,IF(T16="DUCT",'Catalogue Aluminium'!$N$11,IF(T16="TRENCH",'Catalogue Aluminium'!$N$12,"NA")))) -> NA | AL16: =IF(T16="Air",(IF(U16="1C",'Catalogue Aluminium'!$O$9,'Catalogue Aluminium'!$P$9)),IF(T16="DUCT",(IF($U16="1C",'Catalogue Aluminium'!$O$10,'Catalogue Aluminium'!$P$10)),IF(T16="GROUND",(IF($U16="1C",'Catalogue Aluminium'!$O$11,'Catalogue Aluminium'!$P$11)),IF(T16="TRENCH",(IF($U16="1C",'Catalogue Aluminium'!$O$12,'Catalogue Aluminium'!$P$12)))))) -> NA | AM16: =IF(T16="AIR","NA",IF(T16="TRENCH","NA",IF(T16="DUCT",IF(U16="1C",VLOOKUP(V16,'Catalogue Aluminium'!$Q$9:$S$28,2,FALSE),VLOOKUP(V16,'Catalogue Aluminium'!$Q$9:$S$28,3)),IF(T16="GROUND",IF(U16="1C",VLOOKUP(V16,'Catalogue Aluminium'!$Q$9:$S$28,2,FALSE),VLOOKUP(V16,'Catalogue Aluminium'!$Q$9:$S$28,3)))))) -> NA | AN16: =IF(T16="AIR",AI16*AJ16,IF(T16="TRENCH",AI16*AJ16,IF(T16="DUCT",AJ16*AK16*AL16*AM16,IF(T16="GROUND",AJ16*AK16*AL16*AM16)))) -> 0.5874 | AO16: =Z16*AN16 -> 22.3212 | AP16: =CEILING(((N16)/AO16),1) -> 1 | AQ16: =IF(AO16*AP16>=N16,"YES","NO") -> YES | AR16: =SQRT(3)*AH16*N16*((AA16*L16)+(AB16*SIN(ACOS(L16))))*100/(AP16*K16*1000) -> 0.64629528 | AS16: =IF(G16="INCOMER",(IF(AR16<=2,"YES","NO")),IF(G16="POWER",(IF(AR16<=2.5,"YES","NO")),IF(G16="MOTOR",(IF(AR16<=3,"YES","NO"))))) -> YES | AT16: =IF(G16="MOTOR",(SQRT(3)*AH16*O16*((AA16*P16)+(AB16*SIN(ACOS(P16))))*100/(AP16*K16*1000)),"NA") -> 1.1289775 | AU16: =IF(G16="MOTOR",IF(AT16<=15,"YES","NO"),"NA") -> YES | AV16: =IF(U16="1C",CONCATENATE(AP16,"R x ",Y16,"kV x ",U16," x ",V16," Sqmm/Phase"),CONCATENATE(AP16,"R x ",0.6,"/1kV x ",U16," x ",V16," Sqmm")) -> 1R x 0.6/1kV x 3C x 4 Sqmm | AW16: =IF(U16="1C",CONCATENATE(AP16,"R x ",Y16,"kV x ",U16," x ",V16," Sqmm/Phase"),CONCATENATE(AP16,"R x ",0.6,"/1kV x ",U16," x ",V16,(IF(G16="MOTOR","+PE",""))," Sqmm")) -> 1R x 0.6/1kV x 3C x 4+PE Sqmm | AX16: =(IF(K16=400,(IF(U16="1C",(4*AH16*AP16),(AH16*AP16))),IF(K16=230,(AH16*AP16)))) -> 385
A17: =1+A16 -> 7 | B17: 1401-PM108B | C17: =$D$6 -> PMCC-1 | D17: PHOSPHATE INJECTION SYSTEM PUMP | E17: AMMONIA PLANT | F17: A | G17: MOTOR | H17: 0.37 | I17: kW | J17: 3Ph | K17: 400 | L17: 0.73 | M17: 0.825 | N17: =IF(I17="kVA",IF(J17="3Ph",(H17*1000/(1.732*M17*K17)),(H17*1000/(M17*K17))),IF(I17="kW",IF(J17="3Ph",(H17*1000/(1.732*M17*K17*L17)),(H17*1000/(M17*K17*L17))))) -> 0.88678234 | O17: =IF(G17="MOTOR",(6*N17),IF(G17="VFD",(1*N17),0)) -> 5.320694 | P17: =IF(G17="MOTOR",0.2,"0.00") -> 0.2 | Q17: 65 | R17: 0 | S17: =(Q17*1000*SQRT(R17)/143) -> 0 | T17: AIR | U17: 3C | V17: 4 | W17: =CONCATENATE(U17," X ",V17) -> 3C X 4 | X17: =(IF(J17="1Ph",W17,IF(J17="3Ph",(IF(G17="MOTOR",(CONCATENATE(W17,"+PE")),W17))))) -> 3C X 4+PE | Y17: 0.6/1.0 | Z17: =IF(T17="AIR",VLOOKUP(W17,'Catalogue Aluminium'!$B$9:$G$91,2,FALSE),IF(T17="GROUND",VLOOKUP(W17,'Catalogue Aluminium'!$B$9:$G$91,3,FALSE),IF(T17="DUCT",VLOOKUP(W17,'Catalogue Aluminium'!$B$9:$G$91,4,FALSE),IF(T17="TRENCH",VLOOKUP(W17,'Catalogue Aluminium'!$B$9:$G$91,2,FALSE))))) -> 38 | AA17: =VLOOKUP(W17,'Catalogue Aluminium'!$B$9:$G$91,5,FALSE) -> 5.9 | AB17: =VLOOKUP(W17,'Catalogue Aluminium'!$B$9:$G$91,6,FALSE) -> 0.0947 | AC17: =26+3 -> 29 | AD17: =40+50+38+50+17+(27+30+9+18+5) -> 284 | AE17: =11+8+8+11 -> 38 | AF17: 8 | AG17: =ROUNDUP((SUM(AC17:AF17)*0.1),0) -> 36 | AH17: =SUM(AC17:AG17) -> 395 | AI17: =IF(T17="AIR",'Catalogue Aluminium'!$K$9,IF(T17="TRENCH",'Catalogue Aluminium'!$K$12,"NA")) -> 0.89 | AJ17: =IF(T17="Air",(IF(U17="1C",'Catalogue Aluminium'!$L$9,'Catalogue Aluminium'!$M$9)),IF(T17="DUCT",(IF($U17="1C",'Catalogue Aluminium'!$L$10,'Catalogue Aluminium'!$M$10)),IF(T17="GROUND",(IF($U17="1C",'Catalogue Aluminium'!$L$11,'Catalogue Aluminium'!$M$11)),IF(T17="TRENCH",(IF($U17="1C",'Catalogue Aluminium'!$L$12,'Catalogue Aluminium'!$M$12)))))) -> 0.66 | AK17: =IF(T17="Air",'Catalogue Aluminium'!$N$9,IF(T17="GROUND",'Catalogue Aluminium'!$N$10,IF(T17="DUCT",'Catalogue Aluminium'!$N$11,IF(T17="TRENCH",'Catalogue Aluminium'!$N$12,"NA")))) -> NA | AL17: =IF(T17="Air",(IF(U17="1C",'Catalogue Aluminium'!$O$9,'Catalogue Aluminium'!$P$9)),IF(T17="DUCT",(IF($U17="1C",'Catalogue Aluminium'!$O$10,'Catalogue Aluminium'!$P$10)),IF(T17="GROUND",(IF($U17="1C",'Catalogue Aluminium'!$O$11,'Catalogue Aluminium'!$P$11)),IF(T17="TRENCH",(IF($U17="1C",'Catalogue Aluminium'!$O$12,'Catalogue Aluminium'!$P$12)))))) -> NA | AM17: =IF(T17="AIR","NA",IF(T17="TRENCH","NA",IF(T17="DUCT",IF(U17="1C",VLOOKUP(V17,'Catalogue Aluminium'!$Q$9:$S$28,2,FALSE),VLOOKUP(V17,'Catalogue Aluminium'!$Q$9:$S$28,3)),IF(T17="GROUND",IF(U17="1C",VLOOKUP(V17,'Catalogue Aluminium'!$Q$9:$S$28,2,FALSE),VLOOKUP(V17,'Catalogue Aluminium'!$Q$9:$S$28,3)))))) -> NA | AN17: =IF(T17="AIR",AI17*AJ17,IF(T17="TRENCH",AI17*AJ17,IF(T17="DUCT",AJ17*AK17*AL17*AM17,IF(T17="GROUND",AJ17*AK17*AL17*AM17)))) -> 0.5874 | AO17: =Z17*AN17 -> 22.3212 | AP17: =CEILING(((N17)/AO17),1) -> 1 | AQ17: =IF(AO17*AP17>=N17,"YES","NO") -> YES | AR17: =SQRT(3)*AH17*N17*((AA17*L17)+(AB17*SIN(ACOS(L17))))*100/(AP17*K17*1000) -> 0.66308217 | AS17: =IF(G17="INCOMER",(IF(AR17<=2,"YES","NO")),IF(G17="POWER",(IF(AR17<=2.5,"YES","NO")),IF(G17="MOTOR",(IF(AR17<=3,"YES","NO"))))) -> YES | AT17: =IF(G17="MOTOR",(SQRT(3)*AH17*O17*((AA17*P17)+(AB17*SIN(ACOS(P17))))*100/(AP17*K17*1000)),"NA") -> 1.1583015 | AU17: =IF(G17="MOTOR",IF(AT17<=15,"YES","NO"),"NA") -> YES | AV17: =IF(U17="1C",CONCATENATE(AP17,"R x ",Y17,"kV x ",U17," x ",V17," Sqmm/Phase"),CONCATENATE(AP17,"R x ",0.6,"/1kV x ",U17," x ",V17," Sqmm")) -> 1R x 0.6/1kV x 3C x 4 Sqmm | AW17: =IF(U17="1C",CONCATENATE(AP17,"R x ",Y17,"kV x ",U17," x ",V17," Sqmm/Phase"),CONCATENATE(AP17,"R x ",0.6,"/1kV x ",U17," x ",V17,(IF(G17="MOTOR","+PE",""))," Sqmm")) -> 1R x 0.6/1kV x 3C x 4+PE Sqmm | AX17: =(IF(K17=400,(IF(U17="1C",(4*AH17*AP17),(AH17*AP17))),IF(K17=230,(AH17*AP17)))) -> 395
A18: =1+A17 -> 8 | B18: 1401-PM106B | C18: =$D$6 -> PMCC-1 | D18: OXYGEN SCAVENGER SYSTEM PUMP | E18: AMMONIA PLANT | F18: A | G18: MOTOR | H18: 0.37 | I18: kW | J18: 3Ph | K18: 400 | L18: 0.73 | M18: 0.825 | N18: =IF(I18="kVA",IF(J18="3Ph",(H18*1000/(1.732*M18*K18)),(H18*1000/(M18*K18))),IF(I18="kW",IF(J18="3Ph",(H18*1000/(1.732*M18*K18*L18)),(H18*1000/(M18*K18*L18))))) -> 0.88678234 | O18: =IF(G18="MOTOR",(6*N18),IF(G18="VFD",(1*N18),0)) -> 5.320694 | P18: =IF(G18="MOTOR",0.2,"0.00") -> 0.2 | Q18: 65 | R18: 0 | S18: =(Q18*1000*SQRT(R18)/143) -> 0 | T18: AIR | U18: 3C | V18: 4 | W18: =CONCATENATE(U18," X ",V18) -> 3C X 4 | X18: =(IF(J18="1Ph",W18,IF(J18="3Ph",(IF(G18="MOTOR",(CONCATENATE(W18,"+PE")),W18))))) -> 3C X 4+PE | Y18: 0.6/1.0 | Z18: =IF(T18="AIR",VLOOKUP(W18,'Catalogue Aluminium'!$B$9:$G$91,2,FALSE),IF(T18="GROUND",VLOOKUP(W18,'Catalogue Aluminium'!$B$9:$G$91,3,FALSE),IF(T18="DUCT",VLOOKUP(W18,'Catalogue Aluminium'!$B$9:$G$91,4,FALSE),IF(T18="TRENCH",VLOOKUP(W18,'Catalogue Aluminium'!$B$9:$G$91,2,FALSE))))) -> 38 | AA18: =VLOOKUP(W18,'Catalogue Aluminium'!$B$9:$G$91,5,FALSE) -> 5.9 | AB18: =VLOOKUP(W18,'Catalogue Aluminium'!$B$9:$G$91,6,FALSE) -> 0.0947 | AC18: =26+3 -> 29 | AD18: =40+50+38+50+17+(27+30+9+2+5) -> 268 | AE18: =11+8+8+11 -> 38 | AF18: 8 | AG18: =ROUNDUP((SUM(AC18:AF18)*0.1),0) -> 35 | AH18: =SUM(AC18:AG18) -> 378 | AI18: =IF(T18="AIR",'Catalogue Aluminium'!$K$9,IF(T18="TRENCH",'Catalogue Aluminium'!$K$12,"NA")) -> 0.89 | AJ18: =IF(T18="Air",(IF(U18="1C",'Catalogue Aluminium'!$L$9,'Catalogue Aluminium'!$M$9)),IF(T18="DUCT",(IF($U18="1C",'Catalogue Aluminium'!$L$10,'Catalogue Aluminium'!$M$10)),IF(T18="GROUND",(IF($U18="1C",'Catalogue Aluminium'!$L$11,'Catalogue Aluminium'!$M$11)),IF(T18="TRENCH",(IF($U18="1C",'Catalogue Aluminium'!$L$12,'Catalogue Aluminium'!$M$12)))))) -> 0.66 | AK18: =IF(T18="Air",'Catalogue Aluminium'!$N$9,IF(T18="GROUND",'Catalogue Aluminium'!$N$10,IF(T18="DUCT",'Catalogue Aluminium'!$N$11,IF(T18="TRENCH",'Catalogue Aluminium'!$N$12,"NA")))) -> NA | AL18: =IF(T18="Air",(IF(U18="1C",'Catalogue Aluminium'!$O$9,'Catalogue Aluminium'!$P$9)),IF(T18="DUCT",(IF($U18="1C",'Catalogue Aluminium'!$O$10,'Catalogue Aluminium'!$P$10)),IF(T18="GROUND",(IF($U18="1C",'Catalogue Aluminium'!$O$11,'Catalogue Aluminium'!$P$11)),IF(T18="TRENCH",(IF($U18="1C",'Catalogue Aluminium'!$O$12,'Catalogue Aluminium'!$P$12)))))) -> NA | AM18: =IF(T18="AIR","NA",IF(T18="TRENCH","NA",IF(T18="DUCT",IF(U18="1C",VLOOKUP(V18,'Catalogue Aluminium'!$Q$9:$S$28,2,FALSE),VLOOKUP(V18,'Catalogue Aluminium'!$Q$9:$S$28,3)),IF(T18="GROUND",IF(U18="1C",VLOOKUP(V18,'Catalogue Aluminium'!$Q$9:$S$28,2,FALSE),VLOOKUP(V18,'Catalogue Aluminium'!$Q$9:$S$28,3)))))) -> NA | AN18: =IF(T18="AIR",AI18*AJ18,IF(T18="TRENCH",AI18*AJ18,IF(T18="DUCT",AJ18*AK18*AL18*AM18,IF(T18="GROUND",AJ18*AK18*AL18*AM18)))) -> 0.5874 | AO18: =Z18*AN18 -> 22.3212 | AP18: =CEILING(((N18)/AO18),1) -> 1 | AQ18: =IF(AO18*AP18>=N18,"YES","NO") -> YES | AR18: =SQRT(3)*AH18*N18*((AA18*L18)+(AB18*SIN(ACOS(L18))))*100/(AP18*K18*1000) -> 0.63454446 | AS18: =IF(G18="INCOMER",(IF(AR18<=2,"YES","NO")),IF(G18="POWER",(IF(AR18<=2.5,"YES","NO")),IF(G18="MOTOR",(IF(AR18<=3,"YES","NO"))))) -> YES | AT18: =IF(G18="MOTOR",(SQRT(3)*AH18*O18*((AA18*P18)+(AB18*SIN(ACOS(P18))))*100/(AP18*K18*1000)),"NA") -> 1.1084506 | AU18: =IF(G18="MOTOR",IF(AT18<=15,"YES","NO"),"NA") -> YES | AV18: =IF(U18="1C",CONCATENATE(AP18,"R x ",Y18,"kV x ",U18," x ",V18," Sqmm/Phase"),CONCATENATE(AP18,"R x ",0.6,"/1kV x ",U18," x ",V18," Sqmm")) -> 1R x 0.6/1kV x 3C x 4 Sqmm | AW18: =IF(U18="1C",CONCATENATE(AP18,"R x ",Y18,"kV x ",U18," x ",V18," Sqmm/Phase"),CONCATENATE(AP18,"R x ",0.6,"/1kV x ",U18," x ",V18,(IF(G18="MOTOR","+PE",""))," Sqmm")) -> 1R x 0.6/1kV x 3C x 4+PE Sqmm | AX18: =(IF(K18=400,(IF(U18="1C",(4*AH18*AP18),(AH18*AP18))),IF(K18=230,(AH18*AP18)))) -> 378
A19: =1+A18 -> 9 | B19: 1401-LFA108 | C19: =$D$6 -> PMCC-1 | D19: PHOSPHATE INJECTION SYSTEM PUMP | E19: AMMONIA PLANT | F19: B | G19: MOTOR | H19: 0.75 | I19: kW | J19: 3Ph | K19: 400 | L19: 0.73 | M19: 0.825 | N19: =IF(I19="kVA",IF(J19="3Ph",(H19*1000/(1.732*M19*K19)),(H19*1000/(M19*K19))),IF(I19="kW",IF(J19="3Ph",(H19*1000/(1.732*M19*K19*L19)),(H19*1000/(M19*K19*L19))))) -> 1.7975318 | O19: =IF(G19="MOTOR",(6*N19),IF(G19="VFD",(1*N19),0)) -> 10.785191 | P19: =IF(G19="MOTOR",0.2,"0.00") -> 0.2 | Q19: 65 | R19: 0 | S19: =(Q19*1000*SQRT(R19)/143) -> 0 | T19: AIR | U19: 3C | V19: 4 | W19: =CONCATENATE(U19," X ",V19) -> 3C X 4 | X19: =(IF(J19="1Ph",W19,IF(J19="3Ph",(IF(G19="MOTOR",(CONCATENATE(W19,"+PE")),W19))))) -> 3C X 4+PE | Y19: 0.6/1.0 | Z19: =IF(T19="AIR",VLOOKUP(W19,'Catalogue Aluminium'!$B$9:$G$91,2,FALSE),IF(T19="GROUND",VLOOKUP(W19,'Catalogue Aluminium'!$B$9:$G$91,3,FALSE),IF(T19="DUCT",VLOOKUP(W19,'Catalogue Aluminium'!$B$9:$G$91,4,FALSE),IF(T19="TRENCH",VLOOKUP(W19,'Catalogue Aluminium'!$B$9:$G$91,2,FALSE))))) -> 38 | AA19: =VLOOKUP(W19,'Catalogue Aluminium'!$B$9:$G$91,5,FALSE) -> 5.9 | AB19: =VLOOKUP(W19,'Catalogue Aluminium'!$B$9:$G$91,6,FALSE) -> 0.0947 | AC19: =35+3 -> 38 | AD19: =40+50+38+50+17+(27+30+9+18+5) -> 284 | AE19: =11+8+8+11 -> 38 | AF19: 8 | AG19: =ROUNDUP((SUM(AC19:AF19)*0.1),0) -> 37 | AH19: =SUM(AC19:AG19) -> 405 | AI19: =IF(T19="AIR",'Catalogue Aluminium'!$K$9,IF(T19="TRENCH",'Catalogue Aluminium'!$K$12,"NA")) -> 0.89 | AJ19: =IF(T19="Air",(IF(U19="1C",'Catalogue Aluminium'!$L$9,'Catalogue Aluminium'!$M$9)),IF(T19="DUCT",(IF($U19="1C",'Catalogue Aluminium'!$L$10,'Catalogue Aluminium'!$M$10)),IF(T19="GROUND",(IF($U19="1C",'Catalogue Aluminium'!$L$11,'Catalogue Aluminium'!$M$11)),IF(T19="TRENCH",(IF($U19="1C",'Catalogue Aluminium'!$L$12,'Catalogue Aluminium'!$M$12)))))) -> 0.66 | AK19: =IF(T19="Air",'Catalogue Aluminium'!$N$9,IF(T19="GROUND",'Catalogue Aluminium'!$N$10,IF(T19="DUCT",'Catalogue Aluminium'!$N$11,IF(T19="TRENCH",'Catalogue Aluminium'!$N$12,"NA")))) -> NA | AL19: =IF(T19="Air",(IF(U19="1C",'Catalogue Aluminium'!$O$9,'Catalogue Aluminium'!$P$9)),IF(T19="DUCT",(IF($U19="1C",'Catalogue Aluminium'!$O$10,'Catalogue Aluminium'!$P$10)),IF(T19="GROUND",(IF($U19="1C",'Catalogue Aluminium'!$O$11,'Catalogue Aluminium'!$P$11)),IF(T19="TRENCH",(IF($U19="1C",'Catalogue Aluminium'!$O$12,'Catalogue Aluminium'!$P$12)))))) -> NA | AM19: =IF(T19="AIR","NA",IF(T19="TRENCH","NA",IF(T19="DUCT",IF(U19="1C",VLOOKUP(V19,'Catalogue Aluminium'!$Q$9:$S$28,2,FALSE),VLOOKUP(V19,'Catalogue Aluminium'!$Q$9:$S$28,3)),IF(T19="GROUND",IF(U19="1C",VLOOKUP(V19,'Catalogue Aluminium'!$Q$9:$S$28,2,FALSE),VLOOKUP(V19,'Catalogue Aluminium'!$Q$9:$S$28,3)))))) -> NA | AN19: =IF(T19="AIR",AI19*AJ19,IF(T19="TRENCH",AI19*AJ19,IF(T19="DUCT",AJ19*AK19*AL19*AM19,IF(T19="GROUND",AJ19*AK19*AL19*AM19)))) -> 0.5874 | AO19: =Z19*AN19 -> 22.3212 | AP19: =CEILING(((N19)/AO19),1) -> 1 | AQ19: =IF(AO19*AP19>=N19,"YES","NO") -> YES | AR19: =SQRT(3)*AH19*N19*((AA19*L19)+(AB19*SIN(ACOS(L19))))*100/(AP19*K19*1000) -> 1.378113 | AS19: =IF(G19="INCOMER",(IF(AR19<=2,"YES","NO")),IF(G19="POWER",(IF(AR19<=2.5,"YES","NO")),IF(G19="MOTOR",(IF(AR19<=3,"YES","NO"))))) -> YES | AT19: =IF(G19="MOTOR",(SQRT(3)*AH19*O19*((AA19*P19)+(AB19*SIN(ACOS(P19))))*100/(AP19*K19*1000)),"NA") -> 2.4073493 | AU19: =IF(G19="MOTOR",IF(AT19<=15,"YES","NO"),"NA") -> YES | AV19: =IF(U19="1C",CONCATENATE(AP19,"R x ",Y19,"kV x ",U19," x ",V19," Sqmm/Phase"),CONCATENATE(AP19,"R x ",0.6,"/1kV x ",U19," x ",V19," Sqmm")) -> 1R x 0.6/1kV x 3C x 4 Sqmm | AW19: =IF(U19="1C",CONCATENATE(AP19,"R x ",Y19,"kV x ",U19," x ",V19," Sqmm/Phase"),CONCATENATE(AP19,"R x ",0.6,"/1kV x ",U19," x ",V19,(IF(G19="MOTOR","+PE",""))," Sqmm")) -> 1R x 0.6/1kV x 3C x 4+PE Sqmm | AX19: =(IF(K19=400,(IF(U19="1C",(4*AH19*AP19),(AH19*AP19))),IF(K19=230,(AH19*AP19)))) -> 405
A20: =1+A19 -> 10 | B20: 1401-LFA106 | C20: =$D$6 -> PMCC-1 | D20: OXYGEN SCAVENGER SYSTEM PUMP | E20: AMMONIA PLANT | F20: A | G20: MOTOR | H20: 0.75 | I20: kW | J20: 3Ph | K20: 400 | L20: 0.73 | M20: 0.825 | N20: =IF(I20="kVA",IF(J20="3Ph",(H20*1000/(1.732*M20*K20)),(H20*1000/(M20*K20))),IF(I20="kW",IF(J20="3Ph",(H20*1000/(1.732*M20*K20*L20)),(H20*1000/(M20*K20*L20))))) -> 1.7975318 | O20: =IF(G20="MOTOR",(6*N20),IF(G20="VFD",(1*N20),0)) -> 10.785191 | P20: =IF(G20="MOTOR",0.2,"0.00") -> 0.2 | Q20: 65 | R20: 0 | S20: =(Q20*1000*SQRT(R20)/143) -> 0 | T20: AIR | U20: 3C | V20: 4 | W20: =CONCATENATE(U20," X ",V20) -> 3C X 4 | X20: =(IF(J20="1Ph",W20,IF(J20="3Ph",(IF(G20="MOTOR",(CONCATENATE(W20,"+PE")),W20))))) -> 3C X 4+PE | Y20: 0.6/1.0 | Z20: =IF(T20="AIR",VLOOKUP(W20,'Catalogue Aluminium'!$B$9:$G$91,2,FALSE),IF(T20="GROUND",VLOOKUP(W20,'Catalogue Aluminium'!$B$9:$G$91,3,FALSE),IF(T20="DUCT",VLOOKUP(W20,'Catalogue Aluminium'!$B$9:$G$91,4,FALSE),IF(T20="TRENCH",VLOOKUP(W20,'Catalogue Aluminium'!$B$9:$G$91,2,FALSE))))) -> 38 | AA20: =VLOOKUP(W20,'Catalogue Aluminium'!$B$9:$G$91,5,FALSE) -> 5.9 | AB20: =VLOOKUP(W20,'Catalogue Aluminium'!$B$9:$G$91,6,FALSE) -> 0.0947 | AC20: =26+3 -> 29 | AD20: =40+50+38+50+17+(27+30+9+2+5) -> 268 | AE20: =11+8+8+11 -> 38 | AF20: 8 | AG20: =ROUNDUP((SUM(AC20:AF20)*0.1),0) -> 35 | AH20: =SUM(AC20:AG20) -> 378 | AI20: =IF(T20="AIR",'Catalogue Aluminium'!$K$9,IF(T20="TRENCH",'Catalogue Aluminium'!$K$12,"NA")) -> 0.89 | AJ20: =IF(T20="Air",(IF(U20="1C",'Catalogue Aluminium'!$L$9,'Catalogue Aluminium'!$M$9)),IF(T20="DUCT",(IF($U20="1C",'Catalogue Aluminium'!$L$10,'Catalogue Aluminium'!$M$10)),IF(T20="GROUND",(IF($U20="1C",'Catalogue Aluminium'!$L$11,'Catalogue Aluminium'!$M$11)),IF(T20="TRENCH",(IF($U20="1C",'Catalogue Aluminium'!$L$12,'Catalogue Aluminium'!$M$12)))))) -> 0.66 | AK20: =IF(T20="Air",'Catalogue Aluminium'!$N$9,IF(T20="GROUND",'Catalogue Aluminium'!$N$10,IF(T20="DUCT",'Catalogue Aluminium'!$N$11,IF(T20="TRENCH",'Catalogue Aluminium'!$N$12,"NA")))) -> NA | AL20: =IF(T20="Air",(IF(U20="1C",'Catalogue Aluminium'!$O$9,'Catalogue Aluminium'!$P$9)),IF(T20="DUCT",(IF($U20="1C",'Catalogue Aluminium'!$O$10,'Catalogue Aluminium'!$P$10)),IF(T20="GROUND",(IF($U20="1C",'Catalogue Aluminium'!$O$11,'Catalogue Aluminium'!$P$11)),IF(T20="TRENCH",(IF($U20="1C",'Catalogue Aluminium'!$O$12,'Catalogue Aluminium'!$P$12)))))) -> NA | AM20: =IF(T20="AIR","NA",IF(T20="TRENCH","NA",IF(T20="DUCT",IF(U20="1C",VLOOKUP(V20,'Catalogue Aluminium'!$Q$9:$S$28,2,FALSE),VLOOKUP(V20,'Catalogue Aluminium'!$Q$9:$S$28,3)),IF(T20="GROUND",IF(U20="1C",VLOOKUP(V20,'Catalogue Aluminium'!$Q$9:$S$28,2,FALSE),VLOOKUP(V20,'Catalogue Aluminium'!$Q$9:$S$28,3)))))) -> NA | AN20: =IF(T20="AIR",AI20*AJ20,IF(T20="TRENCH",AI20*AJ20,IF(T20="DUCT",AJ20*AK20*AL20*AM20,IF(T20="GROUND",AJ20*AK20*AL20*AM20)))) -> 0.5874 | AO20: =Z20*AN20 -> 22.3212 | AP20: =CEILING(((N20)/AO20),1) -> 1 | AQ20: =IF(AO20*AP20>=N20,"YES","NO") -> YES | AR20: =SQRT(3)*AH20*N20*((AA20*L20)+(AB20*SIN(ACOS(L20))))*100/(AP20*K20*1000) -> 1.2862388 | AS20: =IF(G20="INCOMER",(IF(AR20<=2,"YES","NO")),IF(G20="POWER",(IF(AR20<=2.5,"YES","NO")),IF(G20="MOTOR",(IF(AR20<=3,"YES","NO"))))) -> YES | AT20: =IF(G20="MOTOR",(SQRT(3)*AH20*O20*((AA20*P20)+(AB20*SIN(ACOS(P20))))*100/(AP20*K20*1000)),"NA") -> 2.2468593 | AU20: =IF(G20="MOTOR",IF(AT20<=15,"YES","NO"),"NA") -> YES | AV20: =IF(U20="1C",CONCATENATE(AP20,"R x ",Y20,"kV x ",U20," x ",V20," Sqmm/Phase"),CONCATENATE(AP20,"R x ",0.6,"/1kV x ",U20," x ",V20," Sqmm")) -> 1R x 0.6/1kV x 3C x 4 Sqmm | AW20: =IF(U20="1C",CONCATENATE(AP20,"R x ",Y20,"kV x ",U20," x ",V20," Sqmm/Phase"),CONCATENATE(AP20,"R x ",0.6,"/1kV x ",U20," x ",V20,(IF(G20="MOTOR","+PE",""))," Sqmm")) -> 1R x 0.6/1kV x 3C x 4+PE Sqmm | AX20: =(IF(K20=400,(IF(U20="1C",(4*AH20*AP20),(AH20*AP20))),IF(K20=230,(AH20*AP20)))) -> 378
A21: =1+A20 -> 11 | C21: =$D$6 -> PMCC-1 | D21: ELECTRICAL STROKE SETTING DEVICE FOR STEAM CONDENSATE INJECTION UNIT | E21: AMMONIA PLANT | F21: A | G21: MOTOR | H21: 0.01 | I21: kW | J21: 1Ph | K21: 230 | L21: 0.73 | M21: 0.825 | N21: =IF(I21="kVA",IF(J21="3Ph",(H21*1000/(1.732*M21*K21)),(H21*1000/(M21*K21))),IF(I21="kW",IF(J21="3Ph",(H21*1000/(1.732*M21*K21*L21)),(H21*1000/(M21*K21*L21))))) -> 0.072193044 | O21: =IF(G21="MOTOR",(6*N21),IF(G21="VFD",(1*N21),0)) -> 0.43315827 | P21: =IF(G21="MOTOR",0.2,"0.00") -> 0.2 | Q21: 65 | R21: 0 | S21: =(Q21*1000*SQRT(R21)/143) -> 0 | T21: AIR | U21: 3C | V21: 4 | W21: =CONCATENATE(U21," X ",V21) -> 3C X 4 | X21: =(IF(J21="1Ph",W21,IF(J21="3Ph",(IF(G21="MOTOR",(CONCATENATE(W21,"+PE")),W21))))) -> 3C X 4 | Y21: 0.6/1.0 | Z21: =IF(T21="AIR",VLOOKUP(W21,'Catalogue Aluminium'!$B$9:$G$91,2,FALSE),IF(T21="GROUND",VLOOKUP(W21,'Catalogue Aluminium'!$B$9:$G$91,3,FALSE),IF(T21="DUCT",VLOOKUP(W21,'Catalogue Aluminium'!$B$9:$G$91,4,FALSE),IF(T21="TRENCH",VLOOKUP(W21,'Catalogue Aluminium'!$B$9:$G$91,2,FALSE))))) -> 38 | AA21: =VLOOKUP(W21,'Catalogue Aluminium'!$B$9:$G$91,5,FALSE) -> 5.9 | AB21: =VLOOKUP(W21,'Catalogue Aluminium'!$B$9:$G$91,6,FALSE) -> 0.0947 | AC21: =26+3 -> 29 | AD21: =40+50+38+50+17+(27+30+9+2+5) -> 268 | AE21: =11+8+8+11 -> 38 | AF21: 8 | AG21: =ROUNDUP((SUM(AC21:AF21)*0.1),0) -> 35 | AH21: =SUM(AC21:AG21) -> 378 | AI21: =IF(T21="AIR",'Catalogue Aluminium'!$K$9,IF(T21="TRENCH",'Catalogue Aluminium'!$K$12,"NA")) -> 0.89 | AJ21: =IF(T21="Air",(IF(U21="1C",'Catalogue Aluminium'!$L$9,'Catalogue Aluminium'!$M$9)),IF(T21="DUCT",(IF($U21="1C",'Catalogue Aluminium'!$L$10,'Catalogue Aluminium'!$M$10)),IF(T21="GROUND",(IF($U21="1C",'Catalogue Aluminium'!$L$11,'Catalogue Aluminium'!$M$11)),IF(T21="TRENCH",(IF($U21="1C",'Catalogue Aluminium'!$L$12,'Catalogue Aluminium'!$M$12)))))) -> 0.66 | AK21: =IF(T21="Air",'Catalogue Aluminium'!$N$9,IF(T21="GROUND",'Catalogue Aluminium'!$N$10,IF(T21="DUCT",'Catalogue Aluminium'!$N$11,IF(T21="TRENCH",'Catalogue Aluminium'!$N$12,"NA")))) -> NA | AL21: =IF(T21="Air",(IF(U21="1C",'Catalogue Aluminium'!$O$9,'Catalogue Aluminium'!$P$9)),IF(T21="DUCT",(IF($U21="1C",'Catalogue Aluminium'!$O$10,'Catalogue Aluminium'!$P$10)),IF(T21="GROUND",(IF($U21="1C",'Catalogue Aluminium'!$O$11,'Catalogue Aluminium'!$P$11)),IF(T21="TRENCH",(IF($U21="1C",'Catalogue Aluminium'!$O$12,'Catalogue Aluminium'!$P$12)))))) -> NA | AM21: =IF(T21="AIR","NA",IF(T21="TRENCH","NA",IF(T21="DUCT",IF(U21="1C",VLOOKUP(V21,'Catalogue Aluminium'!$Q$9:$S$28,2,FALSE),VLOOKUP(V21,'Catalogue Aluminium'!$Q$9:$S$28,3)),IF(T21="GROUND",IF(U21="1C",VLOOKUP(V21,'Catalogue Aluminium'!$Q$9:$S$28,2,FALSE),VLOOKUP(V21,'Catalogue Aluminium'!$Q$9:$S$28,3)))))) -> NA | AN21: =IF(T21="AIR",AI21*AJ21,IF(T21="TRENCH",AI21*AJ21,IF(T21="DUCT",AJ21*AK21*AL21*AM21,IF(T21="GROUND",AJ21*AK21*AL21*AM21)))) -> 0.5874 | AO21: =Z21*AN21 -> 22.3212 | AP21: =CEILING(((N21)/AO21),1) -> 1 | AQ21: =IF(AO21*AP21>=N21,"YES","NO") -> YES | AR21: =SQRT(3)*AH21*N21*((AA21*L21)+(AB21*SIN(ACOS(L21))))*100/(AP21*K21*1000) -> 0.089840576 | AS21: =IF(G21="INCOMER",(IF(AR21<=2,"YES","NO")),IF(G21="POWER",(IF(AR21<=2.5,"YES","NO")),IF(G21="MOTOR",(IF(AR21<=3,"YES","NO"))))) -> YES | AT21: =IF(G21="MOTOR",(SQRT(3)*AH21*O21*((AA21*P21)+(AB21*SIN(ACOS(P21))))*100/(AP21*K21*1000)),"NA") -> 0.15693753 | AU21: =IF(G21="MOTOR",IF(AT21<=15,"YES","NO"),"NA") -> YES | AV21: =IF(U21="1C",CONCATENATE(AP21,"R x ",Y21,"kV x ",U21," x ",V21," Sqmm/Phase"),CONCATENATE(AP21,"R x ",0.6,"/1kV x ",U21," x ",V21," Sqmm")) -> 1R x 0.6/1kV x 3C x 4 Sqmm | AW21: =IF(U21="1C",CONCATENATE(AP21,"R x ",Y21,"kV x ",U21," x ",V21," Sqmm/Phase"),CONCATENATE(AP21,"R x ",0.6,"/1kV x ",U21," x ",V21,(IF(G21="MOTOR","+PE",""))," Sqmm")) -> 1R x 0.6/1kV x 3C x 4+PE Sqmm | AX21: =(IF(K21=400,(IF(U21="1C",(4*AH21*AP21),(AH21*AP21))),IF(K21=230,(AH21*AP21)))) -> 378
A22: =1+A21 -> 12 | C22: =$D$6 -> PMCC-1 | D22: STANDBY ELECTRICAL STROKE SETTING DEVICE FOR STEAM CONDENSATE INJECTION UNIT | E22: AMMONIA PLANT | F22: B | G22: MOTOR | H22: 0.01 | I22: kW | J22: 1Ph | K22: 230 | L22: 0.73 | M22: 0.825 | N22: =IF(I22="kVA",IF(J22="3Ph",(H22*1000/(1.732*M22*K22)),(H22*1000/(M22*K22))),IF(I22="kW",IF(J22="3Ph",(H22*1000/(1.732*M22*K22*L22)),(H22*1000/(M22*K22*L22))))) -> 0.072193044 | O22: =IF(G22="MOTOR",(6*N22),IF(G22="VFD",(1*N22),0)) -> 0.43315827 | P22: =IF(G22="MOTOR",0.2,"0.00") -> 0.2 | Q22: 65 | R22: 0 | S22: =(Q22*1000*SQRT(R22)/143) -> 0 | T22: AIR | U22: 3C | V22: 4 | W22: =CONCATENATE(U22," X ",V22) -> 3C X 4 | X22: =(IF(J22="1Ph",W22,IF(J22="3Ph",(IF(G22="MOTOR",(CONCATENATE(W22,"+PE")),W22))))) -> 3C X 4 | Y22: 0.6/1.0 | Z22: =IF(T22="AIR",VLOOKUP(W22,'Catalogue Aluminium'!$B$9:$G$91,2,FALSE),IF(T22="GROUND",VLOOKUP(W22,'Catalogue Aluminium'!$B$9:$G$91,3,FALSE),IF(T22="DUCT",VLOOKUP(W22,'Catalogue Aluminium'!$B$9:$G$91,4,FALSE),IF(T22="TRENCH",VLOOKUP(W22,'Catalogue Aluminium'!$B$9:$G$91,2,FALSE))))) -> 38 | AA22: =VLOOKUP(W22,'Catalogue Aluminium'!$B$9:$G$91,5,FALSE) -> 5.9 | AB22: =VLOOKUP(W22,'Catalogue Aluminium'!$B$9:$G$91,6,FALSE) -> 0.0947 | AC22: =35+3 -> 38 | AD22: =40+50+38+50+17+(27+30+9+2+5) -> 268 | AE22: =11+8+8+11 -> 38 | AF22: 8 | AG22: =ROUNDUP((SUM(AC22:AF22)*0.1),0) -> 36 | AH22: =SUM(AC22:AG22) -> 388 | AI22: =IF(T22="AIR",'Catalogue Aluminium'!$K$9,IF(T22="TRENCH",'Catalogue Aluminium'!$K$12,"NA")) -> 0.89 | AJ22: =IF(T22="Air",(IF(U22="1C",'Catalogue Aluminium'!$L$9,'Catalogue Aluminium'!$M$9)),IF(T22="DUCT",(IF($U22="1C",'Catalogue Aluminium'!$L$10,'Catalogue Aluminium'!$M$10)),IF(T22="GROUND",(IF($U22="1C",'Catalogue Aluminium'!$L$11,'Catalogue Aluminium'!$M$11)),IF(T22="TRENCH",(IF($U22="1C",'Catalogue Aluminium'!$L$12,'Catalogue Aluminium'!$M$12)))))) -> 0.66 | AK22: =IF(T22="Air",'Catalogue Aluminium'!$N$9,IF(T22="GROUND",'Catalogue Aluminium'!$N$10,IF(T22="DUCT",'Catalogue Aluminium'!$N$11,IF(T22="TRENCH",'Catalogue Aluminium'!$N$12,"NA")))) -> NA | AL22: =IF(T22="Air",(IF(U22="1C",'Catalogue Aluminium'!$O$9,'Catalogue Aluminium'!$P$9)),IF(T22="DUCT",(IF($U22="1C",'Catalogue Aluminium'!$O$10,'Catalogue Aluminium'!$P$10)),IF(T22="GROUND",(IF($U22="1C",'Catalogue Aluminium'!$O$11,'Catalogue Aluminium'!$P$11)),IF(T22="TRENCH",(IF($U22="1C",'Catalogue Aluminium'!$O$12,'Catalogue Aluminium'!$P$12)))))) -> NA | AM22: =IF(T22="AIR","NA",IF(T22="TRENCH","NA",IF(T22="DUCT",IF(U22="1C",VLOOKUP(V22,'Catalogue Aluminium'!$Q$9:$S$28,2,FALSE),VLOOKUP(V22,'Catalogue Aluminium'!$Q$9:$S$28,3)),IF(T22="GROUND",IF(U22="1C",VLOOKUP(V22,'Catalogue Aluminium'!$Q$9:$S$28,2,FALSE),VLOOKUP(V22,'Catalogue Aluminium'!$Q$9:$S$28,3)))))) -> NA | AN22: =IF(T22="AIR",AI22*AJ22,IF(T22="TRENCH",AI22*AJ22,IF(T22="DUCT",AJ22*AK22*AL22*AM22,IF(T22="GROUND",AJ22*AK22*AL22*AM22)))) -> 0.5874 | AO22: =Z22*AN22 -> 22.3212 | AP22: =CEILING(((N22)/AO22),1) -> 1 | AQ22: =IF(AO22*AP22>=N22,"YES","NO") -> YES | AR22: =SQRT(3)*AH22*N22*((AA22*L22)+(AB22*SIN(ACOS(L22))))*100/(AP22*K22*1000) -> 0.092217311 | AS22: =IF(G22="INCOMER",(IF(AR22<=2,"YES","NO")),IF(G22="POWER",(IF(AR22<=2.5,"YES","NO")),IF(G22="MOTOR",(IF(AR22<=3,"YES","NO"))))) -> YES | AT22: =IF(G22="MOTOR",(SQRT(3)*AH22*O22*((AA22*P22)+(AB22*SIN(ACOS(P22))))*100/(AP22*K22*1000)),"NA") -> 0.16108932 | AU22: =IF(G22="MOTOR",IF(AT22<=15,"YES","NO"),"NA") -> YES | AV22: =IF(U22="1C",CONCATENATE(AP22,"R x ",Y22,"kV x ",U22," x ",V22," Sqmm/Phase"),CONCATENATE(AP22,"R x ",0.6,"/1kV x ",U22," x ",V22," Sqmm")) -> 1R x 0.6/1kV x 3C x 4 Sqmm | AW22: =IF(U22="1C",CONCATENATE(AP22,"R x ",Y22,"kV x ",U22," x ",V22," Sqmm/Phase"),CONCATENATE(AP22,"R x ",0.6,"/1kV x ",U22," x ",V22,(IF(G22="MOTOR","+PE",""))," Sqmm")) -> 1R x 0.6/1kV x 3C x 4+PE Sqmm | AX22: =(IF(K22=400,(IF(U22="1C",(4*AH22*AP22),(AH22*AP22))),IF(K22=230,(AH22*AP22)))) -> 388
A23: =1+A22 -> 13 | B23: 1411-JM001A | C23: =$D$6 -> PMCC-1 | D23: INSTRUMENT AIR COMPRESSOR -A | E23: INSTRUMENT AIR COMPRESSOR AREA | F23: A | G23: MOTOR | H23: 160 | I23: kW | J23: 3Ph | K23: 400 | L23: 0.86 | M23: 0.964 | N23: =IF(I23="kVA",IF(J23="3Ph",(H23*1000/(1.732*M23*K23)),(H23*1000/(M23*K23))),IF(I23="kW",IF(J23="3Ph",(H23*1000/(1.732*M23*K23*L23)),(H23*1000/(M23*K23*L23))))) -> 278.57146 | O23: =IF(G23="MOTOR",(6*N23),IF(G23="VFD",(1*N23),0)) -> 1671.4288 | P23: =IF(G23="MOTOR",0.2,"0.00") -> 0.2 | Q23: 65 | R23: 0 | S23: =(Q23*1000*SQRT(R23)/143) -> 0 | T23: AIR | U23: 3C | V23: 300 | W23: =CONCATENATE(U23," X ",V23) -> 3C X 300 | X23: =(IF(J23="1Ph",W23,IF(J23="3Ph",(IF(G23="MOTOR",(CONCATENATE(W23,"+PE")),W23))))) -> 3C X 300+PE | Y23: 0.6/1.0 | Z23: =IF(T23="AIR",VLOOKUP(W23,'Catalogue Aluminium'!$B$9:$G$91,2,FALSE),IF(T23="GROUND",VLOOKUP(W23,'Catalogue Aluminium'!$B$9:$G$91,3,FALSE),IF(T23="DUCT",VLOOKUP(W23,'Catalogue Aluminium'!$B$9:$G$91,4,FALSE),IF(T23="TRENCH",VLOOKUP(W23,'Catalogue Aluminium'!$B$9:$G$91,2,FALSE))))) -> 459 | AA23: =VLOOKUP(W23,'Catalogue Aluminium'!$B$9:$G$91,5,FALSE) -> 0.128 | AB23: =VLOOKUP(W23,'Catalogue Aluminium'!$B$9:$G$91,6,FALSE) -> 0.0711 | AC23: =18+11 -> 29 | AD23: =42+74+36+5 -> 157 | AE23: =11+11 -> 22 | AF23: 8 | AG23: =ROUNDUP((SUM(AC23:AF23)*0.1),0) -> 22 | AH23: =SUM(AC23:AG23) -> 238 | AI23: =IF(T23="AIR",'Catalogue Aluminium'!$K$9,IF(T23="TRENCH",'Catalogue Aluminium'!$K$12,"NA")) -> 0.89 | AJ23: =IF(T23="Air",(IF(U23="1C",'Catalogue Aluminium'!$L$9,'Catalogue Aluminium'!$M$9)),IF(T23="DUCT",(IF($U23="1C",'Catalogue Aluminium'!$L$10,'Catalogue Aluminium'!$M$10)),IF(T23="GROUND",(IF($U23="1C",'Catalogue Aluminium'!$L$11,'Catalogue Aluminium'!$M$11)),IF(T23="TRENCH",(IF($U23="1C",'Catalogue Aluminium'!$L$12,'Catalogue Aluminium'!$M$12)))))) -> 0.66 | AK23: =IF(T23="Air",'Catalogue Aluminium'!$N$9,IF(T23="GROUND",'Catalogue Aluminium'!$N$10,IF(T23="DUCT",'Catalogue Aluminium'!$N$11,IF(T23="TRENCH",'Catalogue Aluminium'!$N$12,"NA")))) -> NA | AL23: =IF(T23="Air",(IF(U23="1C",'Catalogue Aluminium'!$O$9,'Catalogue Aluminium'!$P$9)),IF(T23="DUCT",(IF($U23="1C",'Catalogue Aluminium'!$O$10,'Catalogue Aluminium'!$P$10)),IF(T23="GROUND",(IF($U23="1C",'Catalogue Aluminium'!$O$11,'Catalogue Aluminium'!$P$11)),IF(T23="TRENCH",(IF($U23="1C",'Catalogue Aluminium'!$O$12,'Catalogue Aluminium'!$P$12)))))) -> NA | AM23: =IF(T23="AIR","NA",IF(T23="TRENCH","NA",IF(T23="DUCT",IF(U23="1C",VLOOKUP(V23,'Catalogue Aluminium'!$Q$9:$S$28,2,FALSE),VLOOKUP(V23,'Catalogue Aluminium'!$Q$9:$S$28,3)),IF(T23="GROUND",IF(U23="1C",VLOOKUP(V23,'Catalogue Aluminium'!$Q$9:$S$28,2,FALSE),VLOOKUP(V23,'Catalogue Aluminium'!$Q$9:$S$28,3)))))) -> NA | AN23: =IF(T23="AIR",AI23*AJ23,IF(T23="TRENCH",AI23*AJ23,IF(T23="DUCT",AJ23*AK23*AL23*AM23,IF(T23="GROUND",AJ23*AK23*AL23*AM23)))) -> 0.5874 | AO23: =Z23*AN23 -> 269.6166 | AP23: 2 | AQ23: =IF(AO23*AP23>=N23,"YES","NO") -> YES | AR23: =SQRT(3)*AH23*N23*((AA23*L23)+(AB23*SIN(ACOS(L23))))*100/(AP23*K23*1000) -> 2.1009333 | AS23: =IF(G23="INCOMER",(IF(AR23<=2,"YES","NO")),IF(G23="POWER",(IF(AR23<=2.5,"YES","NO")),IF(G23="MOTOR",(IF(AR23<=3,"YES","NO"))))) -> YES | AT23: =IF(G23="MOTOR",(SQRT(3)*AH23*O23*((AA23*P23)+(AB23*SIN(ACOS(P23))))*100/(AP23*K23*1000)),"NA") -> 8.2046857 | AU23: =IF(G23="MOTOR",IF(AT23<=15,"YES","NO"),"NA") -> YES | AV23: =IF(U23="1C",CONCATENATE(AP23,"R x ",Y23,"kV x ",U23," x ",V23," Sqmm/Phase"),CONCATENATE(AP23,"R x ",0.6,"/1kV x ",U23," x ",V23," Sqmm")) -> 2R x 0.6/1kV x 3C x 300 Sqmm | AW23: =IF(U23="1C",CONCATENATE(AP23,"R x ",Y23,"kV x ",U23," x ",V23," Sqmm/Phase"),CONCATENATE(AP23,"R x ",0.6,"/1kV x ",U23," x ",V23,(IF(G23="MOTOR","+PE",""))," Sqmm")) -> 2R x 0.6/1kV x 3C x 300+PE Sqmm | AX23: =(IF(K23=400,(IF(U23="1C",(4*AH23*AP23),(AH23*AP23))),IF(K23=230,(AH23*AP23)))) -> 476
A24: =1+A23 -> 14 | B24: 1411-JM001A | C24: =$D$6 -> PMCC-1 | D24: INSTRUMENT AIR COMPRESSOR -A-SPACE HEATER | E24: INSTRUMENT AIR COMPRESSOR AREA | F24: A | G24: POWER | H24: 0.2 | I24: kW | J24: 1Ph | K24: 230 | L24: 0.85 | M24: 0.95 | N24: =IF(I24="kVA",IF(J24="3Ph",(H24*1000/(1.732*M24*K24)),(H24*1000/(M24*K24))),IF(I24="kW",IF(J24="3Ph",(H24*1000/(1.732*M24*K24*L24)),(H24*1000/(M24*K24*L24))))) -> 1.076861 | O24: =IF(G24="MOTOR",(6*N24),IF(G24="VFD",(1*N24),0)) -> 0 | P24: =IF(G24="MOTOR",0.2,"0.00") -> 0.00 | Q24: 65 | R24: 0 | S24: =(Q24*1000*SQRT(R24)/143) -> 0 | T24: AIR | U24: 3C | V24: 2.5 | W24: =CONCATENATE(U24," X ",V24) -> 3C X 2.5 | X24: =(IF(J24="1Ph",W24,IF(J24="3Ph",(IF(G24="MOTOR",(CONCATENATE(W24,"+PE")),W24))))) -> 3C X 2.5 | Y24: 0.6/1.0 | Z24: =IF(T24="AIR",VLOOKUP(W24,'Catalogue Aluminium'!$B$9:$G$91,2,FALSE),IF(T24="GROUND",VLOOKUP(W24,'Catalogue Aluminium'!$B$9:$G$91,3,FALSE),IF(T24="DUCT",VLOOKUP(W24,'Catalogue Aluminium'!$B$9:$G$91,4,FALSE),IF(T24="TRENCH",VLOOKUP(W24,'Catalogue Aluminium'!$B$9:$G$91,2,FALSE))))) -> 28 | AA24: =VLOOKUP(W24,'Catalogue Aluminium'!$B$9:$G$91,5,FALSE) -> 9.48 | AB24: =VLOOKUP(W24,'Catalogue Aluminium'!$B$9:$G$91,6,FALSE) -> 0.1007 | AC24: =18+11 -> 29 | AD24: =42+74+36+5 -> 157 | AE24: =11+11 -> 22 | AF24: 8 | AG24: =ROUNDUP((SUM(AC24:AF24)*0.1),0) -> 22 | AH24: =SUM(AC24:AG24) -> 238 | AI24: =IF(T24="AIR",'Catalogue Aluminium'!$K$9,IF(T24="TRENCH",'Catalogue Aluminium'!$K$12,"NA")) -> 0.89 | AJ24: =IF(T24="Air",(IF(U24="1C",'Catalogue Aluminium'!$L$9,'Catalogue Aluminium'!$M$9)),IF(T24="DUCT",(IF($U24="1C",'Catalogue Aluminium'!$L$10,'Catalogue Aluminium'!$M$10)),IF(T24="GROUND",(IF($U24="1C",'Catalogue Aluminium'!$L$11,'Catalogue Aluminium'!$M$11)),IF(T24="TRENCH",(IF($U24="1C",'Catalogue Aluminium'!$L$12,'Catalogue Aluminium'!$M$12)))))) -> 0.66 | AK24: =IF(T24="Air",'Catalogue Aluminium'!$N$9,IF(T24="GROUND",'Catalogue Aluminium'!$N$10,IF(T24="DUCT",'Catalogue Aluminium'!$N$11,IF(T24="TRENCH",'Catalogue Aluminium'!$N$12,"NA")))) -> NA | AL24: =IF(T24="Air",(IF(U24="1C",'Catalogue Aluminium'!$O$9,'Catalogue Aluminium'!$P$9)),IF(T24="DUCT",(IF($U24="1C",'Catalogue Aluminium'!$O$10,'Catalogue Aluminium'!$P$10)),IF(T24="GROUND",(IF($U24="1C",'Catalogue Aluminium'!$O$11,'Catalogue Aluminium'!$P$11)),IF(T24="TRENCH",(IF($U24="1C",'Catalogue Aluminium'!$O$12,'Catalogue Aluminium'!$P$12)))))) -> NA | AM24: =IF(T24="AIR","NA",IF(T24="TRENCH","NA",IF(T24="DUCT",IF(U24="1C",VLOOKUP(V24,'Catalogue Aluminium'!$Q$9:$S$28,2,FALSE),VLOOKUP(V24,'Catalogue Aluminium'!$Q$9:$S$28,3)),IF(T24="GROUND",IF(U24="1C",VLOOKUP(V24,'Catalogue Aluminium'!$Q$9:$S$28,2,FALSE),VLOOKUP(V24,'Catalogue Aluminium'!$Q$9:$S$28,3)))))) -> NA | AN24: =IF(T24="AIR",AI24*AJ24,IF(T24="TRENCH",AI24*AJ24,IF(T24="DUCT",AJ24*AK24*AL24*AM24,IF(T24="GROUND",AJ24*AK24*AL24*AM24)))) -> 0.5874 | AO24: =Z24*AN24 -> 16.4472 | AP24: 1 | AQ24: =IF(AO24*AP24>=N24,"YES","NO") -> YES | AR24: =SQRT(3)*AH24*N24*((AA24*L24)+(AB24*SIN(ACOS(L24))))*100/(AP24*K24*1000) -> 1.5654756 | AS24: =IF(G24="INCOMER",(IF(AR24<=2,"YES","NO")),IF(G24="POWER",(IF(AR24<=2.5,"YES","NO")),IF(G24="MOTOR",(IF(AR24<=3,"YES","NO"))))) -> YES | AT24: =IF(G24="MOTOR",(SQRT(3)*AH24*O24*((AA24*P24)+(AB24*SIN(ACOS(P24))))*100/(AP24*K24*1000)),"NA") -> NA | AU24: =IF(G24="MOTOR",IF(AT24<=15,"YES","NO"),"NA") -> NA | AV24: =IF(U24="1C",CONCATENATE(AP24,"R x ",Y24,"kV x ",U24," x ",V24," Sqmm/Phase"),CONCATENATE(AP24,"R x ",0.6,"/1kV x ",U24," x ",V24," Sqmm")) -> 1R x 0.6/1kV x 3C x 2.5 Sqmm | AW24: =IF(U24="1C",CONCATENATE(AP24,"R x ",Y24,"kV x ",U24," x ",V24," Sqmm/Phase"),CONCATENATE(AP24,"R x ",0.6,"/1kV x ",U24," x ",V24,(IF(G24="MOTOR","+PE",""))," Sqmm")) -> 1R x 0.6/1kV x 3C x 2.5 Sqmm | AX24: =(IF(K24=400,(IF(U24="1C",(4*AH24*AP24),(AH24*AP24))),IF(K24=230,(AH24*AP24)))) -> 238
A25: =1+A24 -> 15 | B25: 1411-JM001B | C25: =$D$6 -> PMCC-1 | D25: INSTRUMENT AIR COMPRESSOR- B | E25: INSTRUMENT AIR COMPRESSOR AREA | F25: B | G25: MOTOR | H25: 160 | I25: kW | J25: 3Ph | K25: 400 | L25: 0.86 | M25: 0.964 | N25: =IF(I25="kVA",IF(J25="3Ph",(H25*1000/(1.732*M25*K25)),(H25*1000/(M25*K25))),IF(I25="kW",IF(J25="3Ph",(H25*1000/(1.732*M25*K25*L25)),(H25*1000/(M25*K25*L25))))) -> 278.57146 | O25: =IF(G25="MOTOR",(6*N25),IF(G25="VFD",(1*N25),0)) -> 1671.4288 | P25: =IF(G25="MOTOR",0.2,"0.00") -> 0.2 | Q25: 65 | R25: 0 | S25: =(Q25*1000*SQRT(R25)/143) -> 0 | T25: AIR | U25: 3C | V25: 300 | W25: =CONCATENATE(U25," X ",V25) -> 3C X 300 | X25: =(IF(J25="1Ph",W25,IF(J25="3Ph",(IF(G25="MOTOR",(CONCATENATE(W25,"+PE")),W25))))) -> 3C X 300+PE | Y25: 0.6/1.0 | Z25: =IF(T25="AIR",VLOOKUP(W25,'Catalogue Aluminium'!$B$9:$G$91,2,FALSE),IF(T25="GROUND",VLOOKUP(W25,'Catalogue Aluminium'!$B$9:$G$91,3,FALSE),IF(T25="DUCT",VLOOKUP(W25,'Catalogue Aluminium'!$B$9:$G$91,4,FALSE),IF(T25="TRENCH",VLOOKUP(W25,'Catalogue Aluminium'!$B$9:$G$91,2,FALSE))))) -> 459 | AA25: =VLOOKUP(W25,'Catalogue Aluminium'!$B$9:$G$91,5,FALSE) -> 0.128 | AB25: =VLOOKUP(W25,'Catalogue Aluminium'!$B$9:$G$91,6,FALSE) -> 0.0711 | AC25: =15+13 -> 28 | AD25: =42+74+36+5 -> 157 | AE25: =11+11 -> 22 | AF25: 8 | AG25: =ROUNDUP((SUM(AC25:AF25)*0.1),0) -> 22 | AH25: =SUM(AC25:AG25) -> 237 | AI25: =IF(T25="AIR",'Catalogue Aluminium'!$K$9,IF(T25="TRENCH",'Catalogue Aluminium'!$K$12,"NA")) -> 0.89 | AJ25: =IF(T25="Air",(IF(U25="1C",'Catalogue Aluminium'!$L$9,'Catalogue Aluminium'!$M$9)),IF(T25="DUCT",(IF($U25="1C",'Catalogue Aluminium'!$L$10,'Catalogue Aluminium'!$M$10)),IF(T25="GROUND",(IF($U25="1C",'Catalogue Aluminium'!$L$11,'Catalogue Aluminium'!$M$11)),IF(T25="TRENCH",(IF($U25="1C",'Catalogue Aluminium'!$L$12,'Catalogue Aluminium'!$M$12)))))) -> 0.66 | AK25: =IF(T25="Air",'Catalogue Aluminium'!$N$9,IF(T25="GROUND",'Catalogue Aluminium'!$N$10,IF(T25="DUCT",'Catalogue Aluminium'!$N$11,IF(T25="TRENCH",'Catalogue Aluminium'!$N$12,"NA")))) -> NA | AL25: =IF(T25="Air",(IF(U25="1C",'Catalogue Aluminium'!$O$9,'Catalogue Aluminium'!$P$9)),IF(T25="DUCT",(IF($U25="1C",'Catalogue Aluminium'!$O$10,'Catalogue Aluminium'!$P$10)),IF(T25="GROUND",(IF($U25="1C",'Catalogue Aluminium'!$O$11,'Catalogue Aluminium'!$P$11)),IF(T25="TRENCH",(IF($U25="1C",'Catalogue Aluminium'!$O$12,'Catalogue Aluminium'!$P$12)))))) -> NA | AM25: =IF(T25="AIR","NA",IF(T25="TRENCH","NA",IF(T25="DUCT",IF(U25="1C",VLOOKUP(V25,'Catalogue Aluminium'!$Q$9:$S$28,2,FALSE),VLOOKUP(V25,'Catalogue Aluminium'!$Q$9:$S$28,3)),IF(T25="GROUND",IF(U25="1C",VLOOKUP(V25,'Catalogue Aluminium'!$Q$9:$S$28,2,FALSE),VLOOKUP(V25,'Catalogue Aluminium'!$Q$9:$S$28,3)))))) -> NA | AN25: =IF(T25="AIR",AI25*AJ25,IF(T25="TRENCH",AI25*AJ25,IF(T25="DUCT",AJ25*AK25*AL25*AM25,IF(T25="GROUND",AJ25*AK25*AL25*AM25)))) -> 0.5874 | AO25: =Z25*AN25 -> 269.6166 | AP25: 2 | AQ25: =IF(AO25*AP25>=N25,"YES","NO") -> YES | AR25: =SQRT(3)*AH25*N25*((AA25*L25)+(AB25*SIN(ACOS(L25))))*100/(AP25*K25*1000) -> 2.0921059 | AS25: =IF(G25="INCOMER",(IF(AR25<=2,"YES","NO")),IF(G25="POWER",(IF(AR25<=2.5,"YES","NO")),IF(G25="MOTOR",(IF(AR25<=3,"YES","NO"))))) -> YES | AT25: =IF(G25="MOTOR",(SQRT(3)*AH25*O25*((AA25*P25)+(AB25*SIN(ACOS(P25))))*100/(AP25*K25*1000)),"NA") -> 8.1702122 | AU25: =IF(G25="MOTOR",IF(AT25<=15,"YES","NO"),"NA") -> YES | AV25: =IF(U25="1C",CONCATENATE(AP25,"R x ",Y25,"kV x ",U25," x ",V25," Sqmm/Phase"),CONCATENATE(AP25,"R x ",0.6,"/1kV x ",U25," x ",V25," Sqmm")) -> 2R x 0.6/1kV x 3C x 300 Sqmm | AW25: =IF(U25="1C",CONCATENATE(AP25,"R x ",Y25,"kV x ",U25," x ",V25," Sqmm/Phase"),CONCATENATE(AP25,"R x ",0.6,"/1kV x ",U25," x ",V25,(IF(G25="MOTOR","+PE",""))," Sqmm")) -> 2R x 0.6/1kV x 3C x 300+PE Sqmm | AX25: =(IF(K25=400,(IF(U25="1C",(4*AH25*AP25),(AH25*AP25))),IF(K25=230,(AH25*AP25)))) -> 474
A26: =1+A25 -> 16 | B26: 1411-JM001B | C26: =$D$6 -> PMCC-1 | D26: INSTRUMENT AIR COMPRESSOR- B-SPACE HEATER | E26: INSTRUMENT AIR COMPRESSOR AREA | F26: B | G26: POWER | H26: 0.2 | I26: kW | J26: 1Ph | K26: 230 | L26: 0.85 | M26: 0.95 | N26: =IF(I26="kVA",IF(J26="3Ph",(H26*1000/(1.732*M26*K26)),(H26*1000/(M26*K26))),IF(I26="kW",IF(J26="3Ph",(H26*1000/(1.732*M26*K26*L26)),(H26*1000/(M26*K26*L26))))) -> 1.076861 | O26: =IF(G26="MOTOR",(6*N26),IF(G26="VFD",(1*N26),0)) -> 0 | P26: =IF(G26="MOTOR",0.2,"0.00") -> 0.00 | Q26: 65 | R26: 0 | S26: =(Q26*1000*SQRT(R26)/143) -> 0 | T26: AIR | U26: 3C | V26: 2.5 | W26: =CONCATENATE(U26," X ",V26) -> 3C X 2.5 | X26: =(IF(J26="1Ph",W26,IF(J26="3Ph",(IF(G26="MOTOR",(CONCATENATE(W26,"+PE")),W26))))) -> 3C X 2.5 | Y26: 0.6/1.0 | Z26: =IF(T26="AIR",VLOOKUP(W26,'Catalogue Aluminium'!$B$9:$G$91,2,FALSE),IF(T26="GROUND",VLOOKUP(W26,'Catalogue Aluminium'!$B$9:$G$91,3,FALSE),IF(T26="DUCT",VLOOKUP(W26,'Catalogue Aluminium'!$B$9:$G$91,4,FALSE),IF(T26="TRENCH",VLOOKUP(W26,'Catalogue Aluminium'!$B$9:$G$91,2,FALSE))))) -> 28 | AA26: =VLOOKUP(W26,'Catalogue Aluminium'!$B$9:$G$91,5,FALSE) -> 9.48 | AB26: =VLOOKUP(W26,'Catalogue Aluminium'!$B$9:$G$91,6,FALSE) -> 0.1007 | AC26: =15+13 -> 28 | AD26: =42+74+36+5 -> 157 | AE26: =11+11 -> 22 | AF26: 8 | AG26: =ROUNDUP((SUM(AC26:AF26)*0.1),0) -> 22 | AH26: =SUM(AC26:AG26) -> 237 | AI26: =IF(T26="AIR",'Catalogue Aluminium'!$K$9,IF(T26="TRENCH",'Catalogue Aluminium'!$K$12,"NA")) -> 0.89 | AJ26: =IF(T26="Air",(IF(U26="1C",'Catalogue Aluminium'!$L$9,'Catalogue Aluminium'!$M$9)),IF(T26="DUCT",(IF($U26="1C",'Catalogue Aluminium'!$L$10,'Catalogue Aluminium'!$M$10)),IF(T26="GROUND",(IF($U26="1C",'Catalogue Aluminium'!$L$11,'Catalogue Aluminium'!$M$11)),IF(T26="TRENCH",(IF($U26="1C",'Catalogue Aluminium'!$L$12,'Catalogue Aluminium'!$M$12)))))) -> 0.66 | AK26: =IF(T26="Air",'Catalogue Aluminium'!$N$9,IF(T26="GROUND",'Catalogue Aluminium'!$N$10,IF(T26="DUCT",'Catalogue Aluminium'!$N$11,IF(T26="TRENCH",'Catalogue Aluminium'!$N$12,"NA")))) -> NA | AL26: =IF(T26="Air",(IF(U26="1C",'Catalogue Aluminium'!$O$9,'Catalogue Aluminium'!$P$9)),IF(T26="DUCT",(IF($U26="1C",'Catalogue Aluminium'!$O$10,'Catalogue Aluminium'!$P$10)),IF(T26="GROUND",(IF($U26="1C",'Catalogue Aluminium'!$O$11,'Catalogue Aluminium'!$P$11)),IF(T26="TRENCH",(IF($U26="1C",'Catalogue Aluminium'!$O$12,'Catalogue Aluminium'!$P$12)))))) -> NA | AM26: =IF(T26="AIR","NA",IF(T26="TRENCH","NA",IF(T26="DUCT",IF(U26="1C",VLOOKUP(V26,'Catalogue Aluminium'!$Q$9:$S$28,2,FALSE),VLOOKUP(V26,'Catalogue Aluminium'!$Q$9:$S$28,3)),IF(T26="GROUND",IF(U26="1C",VLOOKUP(V26,'Catalogue Aluminium'!$Q$9:$S$28,2,FALSE),VLOOKUP(V26,'Catalogue Aluminium'!$Q$9:$S$28,3)))))) -> NA | AN26: =IF(T26="AIR",AI26*AJ26,IF(T26="TRENCH",AI26*AJ26,IF(T26="DUCT",AJ26*AK26*AL26*AM26,IF(T26="GROUND",AJ26*AK26*AL26*AM26)))) -> 0.5874 | AO26: =Z26*AN26 -> 16.4472 | AP26: 1 | AQ26: =IF(AO26*AP26>=N26,"YES","NO") -> YES | AR26: =SQRT(3)*AH26*N26*((AA26*L26)+(AB26*SIN(ACOS(L26))))*100/(AP26*K26*1000) -> 1.5588979 | AS26: =IF(G26="INCOMER",(IF(AR26<=2,"YES","NO")),IF(G26="POWER",(IF(AR26<=2.5,"YES","NO")),IF(G26="MOTOR",(IF(AR26<=3,"YES","NO"))))) -> YES | AT26: =IF(G26="MOTOR",(SQRT(3)*AH26*O26*((AA26*P26)+(AB26*SIN(ACOS(P26))))*100/(AP26*K26*1000)),"NA") -> NA | AU26: =IF(G26="MOTOR",IF(AT26<=15,"YES","NO"),"NA") -> NA | AV26: =IF(U26="1C",CONCATENATE(AP26,"R x ",Y26,"kV x ",U26," x ",V26," Sqmm/Phase"),CONCATENATE(AP26,"R x ",0.6,"/1kV x ",U26," x ",V26," Sqmm")) -> 1R x 0.6/1kV x 3C x 2.5 Sqmm | AW26: =IF(U26="1C",CONCATENATE(AP26,"R x ",Y26,"kV x ",U26," x ",V26," Sqmm/Phase"),CONCATENATE(AP26,"R x ",0.6,"/1kV x ",U26," x ",V26,(IF(G26="MOTOR","+PE",""))," Sqmm")) -> 1R x 0.6/1kV x 3C x 2.5 Sqmm | AX26: =(IF(K26=400,(IF(U26="1C",(4*AH26*AP26),(AH26*AP26))),IF(K26=230,(AH26*AP26)))) -> 237
A27: =1+A26 -> 17 | B27: 1411-JM001C | C27: =$D$6 -> PMCC-1 | D27: INSTRUMENT AIR COMPRESSOR- C | E27: INSTRUMENT AIR COMPRESSOR AREA | F27: A | G27: MOTOR | H27: 160 | I27: kW | J27: 3Ph | K27: 400 | L27: 0.86 | M27: 0.964 | N27: =IF(I27="kVA",IF(J27="3Ph",(H27*1000/(1.732*M27*K27)),(H27*1000/(M27*K27))),IF(I27="kW",IF(J27="3Ph",(H27*1000/(1.732*M27*K27*L27)),(H27*1000/(M27*K27*L27))))) -> 278.57146 | O27: =IF(G27="MOTOR",(6*N27),IF(G27="VFD",(1*N27),0)) -> 1671.4288 | P27: =IF(G27="MOTOR",0.2,"0.00") -> 0.2 | Q27: 65 | R27: 0 | S27: =(Q27*1000*SQRT(R27)/143) -> 0 | T27: AIR | U27: 3C | V27: 300 | W27: =CONCATENATE(U27," X ",V27) -> 3C X 300 | X27: =(IF(J27="1Ph",W27,IF(J27="3Ph",(IF(G27="MOTOR",(CONCATENATE(W27,"+PE")),W27))))) -> 3C X 300+PE | Y27: 0.6/1.0 | Z27: =IF(T27="AIR",VLOOKUP(W27,'Catalogue Aluminium'!$B$9:$G$91,2,FALSE),IF(T27="GROUND",VLOOKUP(W27,'Catalogue Aluminium'!$B$9:$G$91,3,FALSE),IF(T27="DUCT",VLOOKUP(W27,'Catalogue Aluminium'!$B$9:$G$91,4,FALSE),IF(T27="TRENCH",VLOOKUP(W27,'Catalogue Aluminium'!$B$9:$G$91,2,FALSE))))) -> 459 | AA27: =VLOOKUP(W27,'Catalogue Aluminium'!$B$9:$G$91,5,FALSE) -> 0.128 | AB27: =VLOOKUP(W27,'Catalogue Aluminium'!$B$9:$G$91,6,FALSE) -> 0.0711 | AC27: =18+11 -> 29 | AD27: =42+74+36+5 -> 157 | AE27: =11+11 -> 22 | AF27: 8 | AG27: =ROUNDUP((SUM(AC27:AF27)*0.1),0) -> 22 | AH27: =SUM(AC27:AG27) -> 238 | AI27: =IF(T27="AIR",'Catalogue Aluminium'!$K$9,IF(T27="TRENCH",'Catalogue Aluminium'!$K$12,"NA")) -> 0.89 | AJ27: =IF(T27="Air",(IF(U27="1C",'Catalogue Aluminium'!$L$9,'Catalogue Aluminium'!$M$9)),IF(T27="DUCT",(IF($U27="1C",'Catalogue Aluminium'!$L$10,'Catalogue Aluminium'!$M$10)),IF(T27="GROUND",(IF($U27="1C",'Catalogue Aluminium'!$L$11,'Catalogue Aluminium'!$M$11)),IF(T27="TRENCH",(IF($U27="1C",'Catalogue Aluminium'!$L$12,'Catalogue Aluminium'!$M$12)))))) -> 0.66 | AK27: =IF(T27="Air",'Catalogue Aluminium'!$N$9,IF(T27="GROUND",'Catalogue Aluminium'!$N$10,IF(T27="DUCT",'Catalogue Aluminium'!$N$11,IF(T27="TRENCH",'Catalogue Aluminium'!$N$12,"NA")))) -> NA | AL27: =IF(T27="Air",(IF(U27="1C",'Catalogue Aluminium'!$O$9,'Catalogue Aluminium'!$P$9)),IF(T27="DUCT",(IF($U27="1C",'Catalogue Aluminium'!$O$10,'Catalogue Aluminium'!$P$10)),IF(T27="GROUND",(IF($U27="1C",'Catalogue Aluminium'!$O$11,'Catalogue Aluminium'!$P$11)),IF(T27="TRENCH",(IF($U27="1C",'Catalogue Aluminium'!$O$12,'Catalogue Aluminium'!$P$12)))))) -> NA | AM27: =IF(T27="AIR","NA",IF(T27="TRENCH","NA",IF(T27="DUCT",IF(U27="1C",VLOOKUP(V27,'Catalogue Aluminium'!$Q$9:$S$28,2,FALSE),VLOOKUP(V27,'Catalogue Aluminium'!$Q$9:$S$28,3)),IF(T27="GROUND",IF(U27="1C",VLOOKUP(V27,'Catalogue Aluminium'!$Q$9:$S$28,2,FALSE),VLOOKUP(V27,'Catalogue Aluminium'!$Q$9:$S$28,3)))))) -> NA | AN27: =IF(T27="AIR",AI27*AJ27,IF(T27="TRENCH",AI27*AJ27,IF(T27="DUCT",AJ27*AK27*AL27*AM27,IF(T27="GROUND",AJ27*AK27*AL27*AM27)))) -> 0.5874 | AO27: =Z27*AN27 -> 269.6166 | AP27: 2 | AQ27: =IF(AO27*AP27>=N27,"YES","NO") -> YES | AR27: =SQRT(3)*AH27*N27*((AA27*L27)+(AB27*SIN(ACOS(L27))))*100/(AP27*K27*1000) -> 2.1009333 | AS27: =IF(G27="INCOMER",(IF(AR27<=2,"YES","NO")),IF(G27="POWER",(IF(AR27<=2.5,"YES","NO")),IF(G27="MOTOR",(IF(AR27<=3,"YES","NO"))))) -> YES | AT27: =IF(G27="MOTOR",(SQRT(3)*AH27*O27*((AA27*P27)+(AB27*SIN(ACOS(P27))))*100/(AP27*K27*1000)),"NA") -> 8.2046857 | AU27: =IF(G27="MOTOR",IF(AT27<=15,"YES","NO"),"NA") -> YES | AV27: =IF(U27="1C",CONCATENATE(AP27,"R x ",Y27,"kV x ",U27," x ",V27," Sqmm/Phase"),CONCATENATE(AP27,"R x ",0.6,"/1kV x ",U27," x ",V27," Sqmm")) -> 2R x 0.6/1kV x 3C x 300 Sqmm | AW27: =IF(U27="1C",CONCATENATE(AP27,"R x ",Y27,"kV x ",U27," x ",V27," Sqmm/Phase"),CONCATENATE(AP27,"R x ",0.6,"/1kV x ",U27," x ",V27,(IF(G27="MOTOR","+PE",""))," Sqmm")) -> 2R x 0.6/1kV x 3C x 300+PE Sqmm | AX27: =(IF(K27=400,(IF(U27="1C",(4*AH27*AP27),(AH27*AP27))),IF(K27=230,(AH27*AP27)))) -> 476
A28: =1+A27 -> 18 | B28: 1411-JM001C | C28: =$D$6 -> PMCC-1 | D28: INSTRUMENT AIR COMPRESSOR- C-SPACE HEATER | E28: INSTRUMENT AIR COMPRESSOR AREA | F28: A | G28: POWER | H28: 0.2 | I28: kW | J28: 1Ph | K28: 230 | L28: 0.85 | M28: 0.95 | N28: =IF(I28="kVA",IF(J28="3Ph",(H28*1000/(1.732*M28*K28)),(H28*1000/(M28*K28))),IF(I28="kW",IF(J28="3Ph",(H28*1000/(1.732*M28*K28*L28)),(H28*1000/(M28*K28*L28))))) -> 1.076861 | O28: =IF(G28="MOTOR",(6*N28),IF(G28="VFD",(1*N28),0)) -> 0 | P28: =IF(G28="MOTOR",0.2,"0.00") -> 0.00 | Q28: 65 | R28: 0 | S28: =(Q28*1000*SQRT(R28)/143) -> 0 | T28: AIR | U28: 3C | V28: 2.5 | W28: =CONCATENATE(U28," X ",V28) -> 3C X 2.5 | X28: =(IF(J28="1Ph",W28,IF(J28="3Ph",(IF(G28="MOTOR",(CONCATENATE(W28,"+PE")),W28))))) -> 3C X 2.5 | Y28: 0.6/1.0 | Z28: =IF(T28="AIR",VLOOKUP(W28,'Catalogue Aluminium'!$B$9:$G$91,2,FALSE),IF(T28="GROUND",VLOOKUP(W28,'Catalogue Aluminium'!$B$9:$G$91,3,FALSE),IF(T28="DUCT",VLOOKUP(W28,'Catalogue Aluminium'!$B$9:$G$91,4,FALSE),IF(T28="TRENCH",VLOOKUP(W28,'Catalogue Aluminium'!$B$9:$G$91,2,FALSE))))) -> 28 | AA28: =VLOOKUP(W28,'Catalogue Aluminium'!$B$9:$G$91,5,FALSE) -> 9.48 | AB28: =VLOOKUP(W28,'Catalogue Aluminium'!$B$9:$G$91,6,FALSE) -> 0.1007 | AC28: =18+11 -> 29 | AD28: =42+74+36+5 -> 157 | AE28: =11+11 -> 22 | AF28: 8 | AG28: =ROUNDUP((SUM(AC28:AF28)*0.1),0) -> 22 | AH28: =SUM(AC28:AG28) -> 238 | AI28: =IF(T28="AIR",'Catalogue Aluminium'!$K$9,IF(T28="TRENCH",'Catalogue Aluminium'!$K$12,"NA")) -> 0.89 | AJ28: =IF(T28="Air",(IF(U28="1C",'Catalogue Aluminium'!$L$9,'Catalogue Aluminium'!$M$9)),IF(T28="DUCT",(IF($U28="1C",'Catalogue Aluminium'!$L$10,'Catalogue Aluminium'!$M$10)),IF(T28="GROUND",(IF($U28="1C",'Catalogue Aluminium'!$L$11,'Catalogue Aluminium'!$M$11)),IF(T28="TRENCH",(IF($U28="1C",'Catalogue Aluminium'!$L$12,'Catalogue Aluminium'!$M$12)))))) -> 0.66 | AK28: =IF(T28="Air",'Catalogue Aluminium'!$N$9,IF(T28="GROUND",'Catalogue Aluminium'!$N$10,IF(T28="DUCT",'Catalogue Aluminium'!$N$11,IF(T28="TRENCH",'Catalogue Aluminium'!$N$12,"NA")))) -> NA | AL28: =IF(T28="Air",(IF(U28="1C",'Catalogue Aluminium'!$O$9,'Catalogue Aluminium'!$P$9)),IF(T28="DUCT",(IF($U28="1C",'Catalogue Aluminium'!$O$10,'Catalogue Aluminium'!$P$10)),IF(T28="GROUND",(IF($U28="1C",'Catalogue Aluminium'!$O$11,'Catalogue Aluminium'!$P$11)),IF(T28="TRENCH",(IF($U28="1C",'Catalogue Aluminium'!$O$12,'Catalogue Aluminium'!$P$12)))))) -> NA | AM28: =IF(T28="AIR","NA",IF(T28="TRENCH","NA",IF(T28="DUCT",IF(U28="1C",VLOOKUP(V28,'Catalogue Aluminium'!$Q$9:$S$28,2,FALSE),VLOOKUP(V28,'Catalogue Aluminium'!$Q$9:$S$28,3)),IF(T28="GROUND",IF(U28="1C",VLOOKUP(V28,'Catalogue Aluminium'!$Q$9:$S$28,2,FALSE),VLOOKUP(V28,'Catalogue Aluminium'!$Q$9:$S$28,3)))))) -> NA | AN28: =IF(T28="AIR",AI28*AJ28,IF(T28="TRENCH",AI28*AJ28,IF(T28="DUCT",AJ28*AK28*AL28*AM28,IF(T28="GROUND",AJ28*AK28*AL28*AM28)))) -> 0.5874 | AO28: =Z28*AN28 -> 16.4472 | AP28: 1 | AQ28: =IF(AO28*AP28>=N28,"YES","NO") -> YES | AR28: =SQRT(3)*AH28*N28*((AA28*L28)+(AB28*SIN(ACOS(L28))))*100/(AP28*K28*1000) -> 1.5654756 | AS28: =IF(G28="INCOMER",(IF(AR28<=2,"YES","NO")),IF(G28="POWER",(IF(AR28<=2.5,"YES","NO")),IF(G28="MOTOR",(IF(AR28<=3,"YES","NO"))))) -> YES | AT28: =IF(G28="MOTOR",(SQRT(3)*AH28*O28*((AA28*P28)+(AB28*SIN(ACOS(P28))))*100/(AP28*K28*1000)),"NA") -> NA | AU28: =IF(G28="MOTOR",IF(AT28<=15,"YES","NO"),"NA") -> NA | AV28: =IF(U28="1C",CONCATENATE(AP28,"R x ",Y28,"kV x ",U28," x ",V28," Sqmm/Phase"),CONCATENATE(AP28,"R x ",0.6,"/1kV x ",U28," x ",V28," Sqmm")) -> 1R x 0.6/1kV x 3C x 2.5 Sqmm | AW28: =IF(U28="1C",CONCATENATE(AP28,"R x ",Y28,"kV x ",U28," x ",V28," Sqmm/Phase"),CONCATENATE(AP28,"R x ",0.6,"/1kV x ",U28," x ",V28,(IF(G28="MOTOR","+PE",""))," Sqmm")) -> 1R x 0.6/1kV x 3C x 2.5 Sqmm | AX28: =(IF(K28=400,(IF(U28="1C",(4*AH28*AP28),(AH28*AP28))),IF(K28=230,(AH28*AP28)))) -> 238
A29: =1+A28 -> 19 | B29: 1411-D001A | C29: =$D$6 -> PMCC-1 | D29: INSTRUMENT AIR DRYER | E29: INSTRUMENT AIR COMPRESSOR AREA | F29: A | G29: POWER | H29: 0.5 | I29: kW | J29: 3Ph | K29: 400 | L29: 0.85 | M29: 0.95 | N29: =IF(I29="kVA",IF(J29="3Ph",(H29*1000/(1.732*M29*K29)),(H29*1000/(M29*K29))),IF(I29="kW",IF(J29="3Ph",(H29*1000/(1.732*M29*K29*L29)),(H29*1000/(M29*K29*L29))))) -> 0.89375728 | O29: =IF(G29="MOTOR",(6*N29),IF(G29="VFD",(1*N29),0)) -> 0 | P29: =IF(G29="MOTOR",0.2,"0.00") -> 0.00 | Q29: 65 | R29: 0 | S29: =(Q29*1000*SQRT(R29)/143) -> 0 | T29: AIR | U29: 4C | V29: 4 | W29: =CONCATENATE(U29," X ",V29) -> 4C X 4 | X29: =(IF(J29="1Ph",W29,IF(J29="3Ph",(IF(G29="MOTOR",(CONCATENATE(W29,"+PE")),W29))))) -> 4C X 4 | Y29: 0.6/1.0 | Z29: =IF(T29="AIR",VLOOKUP(W29,'Catalogue Aluminium'!$B$9:$G$91,2,FALSE),IF(T29="GROUND",VLOOKUP(W29,'Catalogue Aluminium'!$B$9:$G$91,3,FALSE),IF(T29="DUCT",VLOOKUP(W29,'Catalogue Aluminium'!$B$9:$G$91,4,FALSE),IF(T29="TRENCH",VLOOKUP(W29,'Catalogue Aluminium'!$B$9:$G$91,2,FALSE))))) -> 38 | AA29: =VLOOKUP(W29,'Catalogue Aluminium'!$B$9:$G$91,5,FALSE) -> 5.9 | AB29: =VLOOKUP(W29,'Catalogue Aluminium'!$B$9:$G$91,6,FALSE) -> 0.0947 | AC29: =29+11 -> 40 | AD29: =42+74+25+21 -> 162 | AE29: =11+11 -> 22 | AF29: 8 | AG29: =ROUNDUP((SUM(AC29:AF29)*0.1),0) -> 24 | AH29: =SUM(AC29:AG29) -> 256 | AI29: =IF(T29="AIR",'Catalogue Aluminium'!$K$9,IF(T29="TRENCH",'Catalogue Aluminium'!$K$12,"NA")) -> 0.89 | AJ29: =IF(T29="Air",(IF(U29="1C",'Catalogue Aluminium'!$L$9,'Catalogue Aluminium'!$M$9)),IF(T29="DUCT",(IF($U29="1C",'Catalogue Aluminium'!$L$10,'Catalogue Aluminium'!$M$10)),IF(T29="GROUND",(IF($U29="1C",'Catalogue Aluminium'!$L$11,'Catalogue Aluminium'!$M$11)),IF(T29="TRENCH",(IF($U29="1C",'Catalogue Aluminium'!$L$12,'Catalogue Aluminium'!$M$12)))))) -> 0.66 | AK29: =IF(T29="Air",'Catalogue Aluminium'!$N$9,IF(T29="GROUND",'Catalogue Aluminium'!$N$10,IF(T29="DUCT",'Catalogue Aluminium'!$N$11,IF(T29="TRENCH",'Catalogue Aluminium'!$N$12,"NA")))) -> NA | AL29: =IF(T29="Air",(IF(U29="1C",'Catalogue Aluminium'!$O$9,'Catalogue Aluminium'!$P$9)),IF(T29="DUCT",(IF($U29="1C",'Catalogue Aluminium'!$O$10,'Catalogue Aluminium'!$P$10)),IF(T29="GROUND",(IF($U29="1C",'Catalogue Aluminium'!$O$11,'Catalogue Aluminium'!$P$11)),IF(T29="TRENCH",(IF($U29="1C",'Catalogue Aluminium'!$O$12,'Catalogue Aluminium'!$P$12)))))) -> NA | AM29: =IF(T29="AIR","NA",IF(T29="TRENCH","NA",IF(T29="DUCT",IF(U29="1C",VLOOKUP(V29,'Catalogue Aluminium'!$Q$9:$S$28,2,FALSE),VLOOKUP(V29,'Catalogue Aluminium'!$Q$9:$S$28,3)),IF(T29="GROUND",IF(U29="1C",VLOOKUP(V29,'Catalogue Aluminium'!$Q$9:$S$28,2,FALSE),VLOOKUP(V29,'Catalogue Aluminium'!$Q$9:$S$28,3)))))) -> NA | AN29: =IF(T29="AIR",AI29*AJ29,IF(T29="TRENCH",AI29*AJ29,IF(T29="DUCT",AJ29*AK29*AL29*AM29,IF(T29="GROUND",AJ29*AK29*AL29*AM29)))) -> 0.5874 | AO29: =Z29*AN29 -> 22.3212 | AP29: =CEILING(((N29)/AO29),1) -> 1 | AQ29: =IF(AO29*AP29>=N29,"YES","NO") -> YES | AR29: =SQRT(3)*AH29*N29*((AA29*L29)+(AB29*SIN(ACOS(L29))))*100/(AP29*K29*1000) -> 0.50179912 | AS29: =IF(G29="INCOMER",(IF(AR29<=2,"YES","NO")),IF(G29="POWER",(IF(AR29<=2.5,"YES","NO")),IF(G29="MOTOR",(IF(AR29<=3,"YES","NO"))))) -> YES | AT29: =IF(G29="MOTOR",(SQRT(3)*AH29*O29*((AA29*P29)+(AB29*SIN(ACOS(P29))))*100/(AP29*K29*1000)),"NA") -> NA | AU29: =IF(G29="MOTOR",IF(AT29<=15,"YES","NO"),"NA") -> NA | AV29: =IF(U29="1C",CONCATENATE(AP29,"R x ",Y29,"kV x ",U29," x ",V29," Sqmm/Phase"),CONCATENATE(AP29,"R x ",0.6,"/1kV x ",U29," x ",V29," Sqmm")) -> 1R x 0.6/1kV x 4C x 4 Sqmm | AW29: =IF(U29="1C",CONCATENATE(AP29,"R x ",Y29,"kV x ",U29," x ",V29," Sqmm/Phase"),CONCATENATE(AP29,"R x ",0.6,"/1kV x ",U29," x ",V29,(IF(G29="MOTOR","+PE",""))," Sqmm")) -> 1R x 0.6/1kV x 4C x 4 Sqmm | AX29: =(IF(K29=400,(IF(U29="1C",(4*AH29*AP29),(AH29*AP29))),IF(K29=230,(AH29*AP29)))) -> 256
A30: =1+A29 -> 20 | B30: 1411-D001B | C30: =$D$6 -> PMCC-1 | D30: STANDBY INSTRUMENT AIR DRYER | E30: INSTRUMENT AIR COMPRESSOR AREA | F30: B | G30: POWER | H30: 0.5 | I30: kW | J30: 3Ph | K30: 400 | L30: 0.85 | M30: 0.95 | N30: =IF(I30="kVA",IF(J30="3Ph",(H30*1000/(1.732*M30*K30)),(H30*1000/(M30*K30))),IF(I30="kW",IF(J30="3Ph",(H30*1000/(1.732*M30*K30*L30)),(H30*1000/(M30*K30*L30))))) -> 0.89375728 | O30: =IF(G30="MOTOR",(6*N30),IF(G30="VFD",(1*N30),0)) -> 0 | P30: =IF(G30="MOTOR",0.2,"0.00") -> 0.00 | Q30: 65 | R30: 0 | S30: =(Q30*1000*SQRT(R30)/143) -> 0 | T30: AIR | U30: 4C | V30: 4 | W30: =CONCATENATE(U30," X ",V30) -> 4C X 4 | X30: =(IF(J30="1Ph",W30,IF(J30="3Ph",(IF(G30="MOTOR",(CONCATENATE(W30,"+PE")),W30))))) -> 4C X 4 | Y30: 0.6/1.0 | Z30: =IF(T30="AIR",VLOOKUP(W30,'Catalogue Aluminium'!$B$9:$G$91,2,FALSE),IF(T30="GROUND",VLOOKUP(W30,'Catalogue Aluminium'!$B$9:$G$91,3,FALSE),IF(T30="DUCT",VLOOKUP(W30,'Catalogue Aluminium'!$B$9:$G$91,4,FALSE),IF(T30="TRENCH",VLOOKUP(W30,'Catalogue Aluminium'!$B$9:$G$91,2,FALSE))))) -> 38 | AA30: =VLOOKUP(W30,'Catalogue Aluminium'!$B$9:$G$91,5,FALSE) -> 5.9 | AB30: =VLOOKUP(W30,'Catalogue Aluminium'!$B$9:$G$91,6,FALSE) -> 0.0947 | AC30: =15+13 -> 28 | AD30: =42+74+25+21 -> 162 | AE30: =11+11 -> 22 | AF30: 8 | AG30: =ROUNDUP((SUM(AC30:AF30)*0.1),0) -> 22 | AH30: =SUM(AC30:AG30) -> 242 | AI30: =IF(T30="AIR",'Catalogue Aluminium'!$K$9,IF(T30="TRENCH",'Catalogue Aluminium'!$K$12,"NA")) -> 0.89 | AJ30: =IF(T30="Air",(IF(U30="1C",'Catalogue Aluminium'!$L$9,'Catalogue Aluminium'!$M$9)),IF(T30="DUCT",(IF($U30="1C",'Catalogue Aluminium'!$L$10,'Catalogue Aluminium'!$M$10)),IF(T30="GROUND",(IF($U30="1C",'Catalogue Aluminium'!$L$11,'Catalogue Aluminium'!$M$11)),IF(T30="TRENCH",(IF($U30="1C",'Catalogue Aluminium'!$L$12,'Catalogue Aluminium'!$M$12)))))) -> 0.66 | AK30: =IF(T30="Air",'Catalogue Aluminium'!$N$9,IF(T30="GROUND",'Catalogue Aluminium'!$N$10,IF(T30="DUCT",'Catalogue Aluminium'!$N$11,IF(T30="TRENCH",'Catalogue Aluminium'!$N$12,"NA")))) -> NA | AL30: =IF(T30="Air",(IF(U30="1C",'Catalogue Aluminium'!$O$9,'Catalogue Aluminium'!$P$9)),IF(T30="DUCT",(IF($U30="1C",'Catalogue Aluminium'!$O$10,'Catalogue Aluminium'!$P$10)),IF(T30="GROUND",(IF($U30="1C",'Catalogue Aluminium'!$O$11,'Catalogue Aluminium'!$P$11)),IF(T30="TRENCH",(IF($U30="1C",'Catalogue Aluminium'!$O$12,'Catalogue Aluminium'!$P$12)))))) -> NA | AM30: =IF(T30="AIR","NA",IF(T30="TRENCH","NA",IF(T30="DUCT",IF(U30="1C",VLOOKUP(V30,'Catalogue Aluminium'!$Q$9:$S$28,2,FALSE),VLOOKUP(V30,'Catalogue Aluminium'!$Q$9:$S$28,3)),IF(T30="GROUND",IF(U30="1C",VLOOKUP(V30,'Catalogue Aluminium'!$Q$9:$S$28,2,FALSE),VLOOKUP(V30,'Catalogue Aluminium'!$Q$9:$S$28,3)))))) -> NA | AN30: =IF(T30="AIR",AI30*AJ30,IF(T30="TRENCH",AI30*AJ30,IF(T30="DUCT",AJ30*AK30*AL30*AM30,IF(T30="GROUND",AJ30*AK30*AL30*AM30)))) -> 0.5874 | AO30: =Z30*AN30 -> 22.3212 | AP30: =CEILING(((N30)/AO30),1) -> 1 | AQ30: =IF(AO30*AP30>=N30,"YES","NO") -> YES | AR30: =SQRT(3)*AH30*N30*((AA30*L30)+(AB30*SIN(ACOS(L30))))*100/(AP30*K30*1000) -> 0.47435698 | AS30: =IF(G30="INCOMER",(IF(AR30<=2,"YES","NO")),IF(G30="POWER",(IF(AR30<=2.5,"YES","NO")),IF(G30="MOTOR",(IF(AR30<=3,"YES","NO"))))) -> YES | AT30: =IF(G30="MOTOR",(SQRT(3)*AH30*O30*((AA30*P30)+(AB30*SIN(ACOS(P30))))*100/(AP30*K30*1000)),"NA") -> NA | AU30: =IF(G30="MOTOR",IF(AT30<=15,"YES","NO"),"NA") -> NA | AV30: =IF(U30="1C",CONCATENATE(AP30,"R x ",Y30,"kV x ",U30," x ",V30," Sqmm/Phase"),CONCATENATE(AP30,"R x ",0.6,"/1kV x ",U30," x ",V30," Sqmm")) -> 1R x 0.6/1kV x 4C x 4 Sqmm | AW30: =IF(U30="1C",CONCATENATE(AP30,"R x ",Y30,"kV x ",U30," x ",V30," Sqmm/Phase"),CONCATENATE(AP30,"R x ",0.6,"/1kV x ",U30," x ",V30,(IF(G30="MOTOR","+PE",""))," Sqmm")) -> 1R x 0.6/1kV x 4C x 4 Sqmm | AX30: =(IF(K30=400,(IF(U30="1C",(4*AH30*AP30),(AH30*AP30))),IF(K30=230,(AH30*AP30)))) -> 242
A31: =1+A30 -> 21 | B31: 1411-V001 | C31: =$D$6 -> PMCC-1 | D31: ADT for Air receciver 25M³ | E31: INSTRUMENT AIR COMPRESSOR AREA | F31: A | G31: POWER | H31: 0.03 | I31: kW | J31: 1Ph | K31: 230 | L31: 0.73 | M31: 0.825 | N31: =IF(I31="kVA",IF(J31="3Ph",(H31*1000/(1.732*M31*K31)),(H31*1000/(M31*K31))),IF(I31="kW",IF(J31="3Ph",(H31*1000/(1.732*M31*K31*L31)),(H31*1000/(M31*K31*L31))))) -> 0.21657913 | O31: =IF(G31="MOTOR",(6*N31),IF(G31="VFD",(1*N31),0)) -> 0 | P31: =IF(G31="MOTOR",0.2,"0.00") -> 0.00 | Q31: 65 | R31: 0 | S31: =(Q31*1000*SQRT(R31)/143) -> 0 | T31: AIR | U31: 3C | V31: 4 | W31: =CONCATENATE(U31," X ",V31) -> 3C X 4 | X31: =(IF(J31="1Ph",W31,IF(J31="3Ph",(IF(G31="MOTOR",(CONCATENATE(W31,"+PE")),W31))))) -> 3C X 4 | Y31: 0.6/1.0 | Z31: =IF(T31="AIR",VLOOKUP(W31,'Catalogue Aluminium'!$B$9:$G$91,2,FALSE),IF(T31="GROUND",VLOOKUP(W31,'Catalogue Aluminium'!$B$9:$G$91,3,FALSE),IF(T31="DUCT",VLOOKUP(W31,'Catalogue Aluminium'!$B$9:$G$91,4,FALSE),IF(T31="TRENCH",VLOOKUP(W31,'Catalogue Aluminium'!$B$9:$G$91,2,FALSE))))) -> 38 | AA31: =VLOOKUP(W31,'Catalogue Aluminium'!$B$9:$G$91,5,FALSE) -> 5.9 | AB31: =VLOOKUP(W31,'Catalogue Aluminium'!$B$9:$G$91,6,FALSE) -> 0.0947 | AC31: =15+13 -> 28 | AD31: =42+74+25+21 -> 162 | AE31: =11+11 -> 22 | AF31: 8 | AG31: =ROUNDUP((SUM(AC31:AF31)*0.1),0) -> 22 | AH31: =SUM(AC31:AG31) -> 242 | AI31: =IF(T31="AIR",'Catalogue Aluminium'!$K$9,IF(T31="TRENCH",'Catalogue Aluminium'!$K$12,"NA")) -> 0.89 | AJ31: =IF(T31="Air",(IF(U31="1C",'Catalogue Aluminium'!$L$9,'Catalogue Aluminium'!$M$9)),IF(T31="DUCT",(IF($U31="1C",'Catalogue Aluminium'!$L$10,'Catalogue Aluminium'!$M$10)),IF(T31="GROUND",(IF($U31="1C",'Catalogue Aluminium'!$L$11,'Catalogue Aluminium'!$M$11)),IF(T31="TRENCH",(IF($U31="1C",'Catalogue Aluminium'!$L$12,'Catalogue Aluminium'!$M$12)))))) -> 0.66 | AK31: =IF(T31="Air",'Catalogue Aluminium'!$N$9,IF(T31="GROUND",'Catalogue Aluminium'!$N$10,IF(T31="DUCT",'Catalogue Aluminium'!$N$11,IF(T31="TRENCH",'Catalogue Aluminium'!$N$12,"NA")))) -> NA | AL31: =IF(T31="Air",(IF(U31="1C",'Catalogue Aluminium'!$O$9,'Catalogue Aluminium'!$P$9)),IF(T31="DUCT",(IF($U31="1C",'Catalogue Aluminium'!$O$10,'Catalogue Aluminium'!$P$10)),IF(T31="GROUND",(IF($U31="1C",'Catalogue Aluminium'!$O$11,'Catalogue Aluminium'!$P$11)),IF(T31="TRENCH",(IF($U31="1C",'Catalogue Aluminium'!$O$12,'Catalogue Aluminium'!$P$12)))))) -> NA | AM31: =IF(T31="AIR","NA",IF(T31="TRENCH","NA",IF(T31="DUCT",IF(U31="1C",VLOOKUP(V31,'Catalogue Aluminium'!$Q$9:$S$28,2,FALSE),VLOOKUP(V31,'Catalogue Aluminium'!$Q$9:$S$28,3)),IF(T31="GROUND",IF(U31="1C",VLOOKUP(V31,'Catalogue Aluminium'!$Q$9:$S$28,2,FALSE),VLOOKUP(V31,'Catalogue Aluminium'!$Q$9:$S$28,3)))))) -> NA | AN31: =IF(T31="AIR",AI31*AJ31,IF(T31="TRENCH",AI31*AJ31,IF(T31="DUCT",AJ31*AK31*AL31*AM31,IF(T31="GROUND",AJ31*AK31*AL31*AM31)))) -> 0.5874 | AO31: =Z31*AN31 -> 22.3212 | AP31: =CEILING(((N31)/AO31),1) -> 1 | AQ31: =IF(AO31*AP31>=N31,"YES","NO") -> YES | AR31: =SQRT(3)*AH31*N31*((AA31*L31)+(AB31*SIN(ACOS(L31))))*100/(AP31*K31*1000) -> 0.17255095 | AS31: =IF(G31="INCOMER",(IF(AR31<=2,"YES","NO")),IF(G31="POWER",(IF(AR31<=2.5,"YES","NO")),IF(G31="MOTOR",(IF(AR31<=3,"YES","NO"))))) -> YES | AT31: =IF(G31="MOTOR",(SQRT(3)*AH31*O31*((AA31*P31)+(AB31*SIN(ACOS(P31))))*100/(AP31*K31*1000)),"NA") -> NA | AU31: =IF(G31="MOTOR",IF(AT31<=15,"YES","NO"),"NA") -> NA | AV31: =IF(U31="1C",CONCATENATE(AP31,"R x ",Y31,"kV x ",U31," x ",V31," Sqmm/Phase"),CONCATENATE(AP31,"R x ",0.6,"/1kV x ",U31," x ",V31," Sqmm")) -> 1R x 0.6/1kV x 3C x 4 Sqmm | AW31: =IF(U31="1C",CONCATENATE(AP31,"R x ",Y31,"kV x ",U31," x ",V31," Sqmm/Phase"),CONCATENATE(AP31,"R x ",0.6,"/1kV x ",U31," x ",V31,(IF(G31="MOTOR","+PE",""))," Sqmm")) -> 1R x 0.6/1kV x 3C x 4 Sqmm | AX31: =(IF(K31=400,(IF(U31="1C",(4*AH31*AP31),(AH31*AP31))),IF(K31=230,(AH31*AP31)))) -> 242
A32: =1+A31 -> 22 | B32: 1411-V002A | C32: =$D$6 -> PMCC-1 | D32: ADT for Air receciver 60M³ | E32: INSTRUMENT AIR COMPRESSOR AREA | F32: B | G32: POWER | H32: 0.03 | I32: kW | J32: 1Ph | K32: 230 | L32: 0.73 | M32: 0.825 | N32: =IF(I32="kVA",IF(J32="3Ph",(H32*1000/(1.732*M32*K32)),(H32*1000/(M32*K32))),IF(I32="kW",IF(J32="3Ph",(H32*1000/(1.732*M32*K32*L32)),(H32*1000/(M32*K32*L32))))) -> 0.21657913 | O32: =IF(G32="MOTOR",(6*N32),IF(G32="VFD",(1*N32),0)) -> 0 | P32: =IF(G32="MOTOR",0.2,"0.00") -> 0.00 | Q32: 65 | R32: 0 | S32: =(Q32*1000*SQRT(R32)/143) -> 0 | T32: AIR | U32: 3C | V32: 4 | W32: =CONCATENATE(U32," X ",V32) -> 3C X 4 | X32: =(IF(J32="1Ph",W32,IF(J32="3Ph",(IF(G32="MOTOR",(CONCATENATE(W32,"+PE")),W32))))) -> 3C X 4 | Y32: 0.6/1.0 | Z32: =IF(T32="AIR",VLOOKUP(W32,'Catalogue Aluminium'!$B$9:$G$91,2,FALSE),IF(T32="GROUND",VLOOKUP(W32,'Catalogue Aluminium'!$B$9:$G$91,3,FALSE),IF(T32="DUCT",VLOOKUP(W32,'Catalogue Aluminium'!$B$9:$G$91,4,FALSE),IF(T32="TRENCH",VLOOKUP(W32,'Catalogue Aluminium'!$B$9:$G$91,2,FALSE))))) -> 38 | AA32: =VLOOKUP(W32,'Catalogue Aluminium'!$B$9:$G$91,5,FALSE) -> 5.9 | AB32: =VLOOKUP(W32,'Catalogue Aluminium'!$B$9:$G$91,6,FALSE) -> 0.0947 | AC32: =29+11 -> 40 | AD32: =42+74+25+21 -> 162 | AE32: =11+11 -> 22 | AF32: 8 | AG32: =ROUNDUP((SUM(AC32:AF32)*0.1),0) -> 24 | AH32: =SUM(AC32:AG32) -> 256 | AI32: =IF(T32="AIR",'Catalogue Aluminium'!$K$9,IF(T32="TRENCH",'Catalogue Aluminium'!$K$12,"NA")) -> 0.89 | AJ32: =IF(T32="Air",(IF(U32="1C",'Catalogue Aluminium'!$L$9,'Catalogue Aluminium'!$M$9)),IF(T32="DUCT",(IF($U32="1C",'Catalogue Aluminium'!$L$10,'Catalogue Aluminium'!$M$10)),IF(T32="GROUND",(IF($U32="1C",'Catalogue Aluminium'!$L$11,'Catalogue Aluminium'!$M$11)),IF(T32="TRENCH",(IF($U32="1C",'Catalogue Aluminium'!$L$12,'Catalogue Aluminium'!$M$12)))))) -> 0.66 | AK32: =IF(T32="Air",'Catalogue Aluminium'!$N$9,IF(T32="GROUND",'Catalogue Aluminium'!$N$10,IF(T32="DUCT",'Catalogue Aluminium'!$N$11,IF(T32="TRENCH",'Catalogue Aluminium'!$N$12,"NA")))) -> NA | AL32: =IF(T32="Air",(IF(U32="1C",'Catalogue Aluminium'!$O$9,'Catalogue Aluminium'!$P$9)),IF(T32="DUCT",(IF($U32="1C",'Catalogue Aluminium'!$O$10,'Catalogue Aluminium'!$P$10)),IF(T32="GROUND",(IF($U32="1C",'Catalogue Aluminium'!$O$11,'Catalogue Aluminium'!$P$11)),IF(T32="TRENCH",(IF($U32="1C",'Catalogue Aluminium'!$O$12,'Catalogue Aluminium'!$P$12)))))) -> NA | AM32: =IF(T32="AIR","NA",IF(T32="TRENCH","NA",IF(T32="DUCT",IF(U32="1C",VLOOKUP(V32,'Catalogue Aluminium'!$Q$9:$S$28,2,FALSE),VLOOKUP(V32,'Catalogue Aluminium'!$Q$9:$S$28,3)),IF(T32="GROUND",IF(U32="1C",VLOOKUP(V32,'Catalogue Aluminium'!$Q$9:$S$28,2,FALSE),VLOOKUP(V32,'Catalogue Aluminium'!$Q$9:$S$28,3)))))) -> NA | AN32: =IF(T32="AIR",AI32*AJ32,IF(T32="TRENCH",AI32*AJ32,IF(T32="DUCT",AJ32*AK32*AL32*AM32,IF(T32="GROUND",AJ32*AK32*AL32*AM32)))) -> 0.5874 | AO32: =Z32*AN32 -> 22.3212 | AP32: =CEILING(((N32)/AO32),1) -> 1 | AQ32: =IF(AO32*AP32>=N32,"YES","NO") -> YES | AR32: =SQRT(3)*AH32*N32*((AA32*L32)+(AB32*SIN(ACOS(L32))))*100/(AP32*K32*1000) -> 0.18253323 | AS32: =IF(G32="INCOMER",(IF(AR32<=2,"YES","NO")),IF(G32="POWER",(IF(AR32<=2.5,"YES","NO")),IF(G32="MOTOR",(IF(AR32<=3,"YES","NO"))))) -> YES | AT32: =IF(G32="MOTOR",(SQRT(3)*AH32*O32*((AA32*P32)+(AB32*SIN(ACOS(P32))))*100/(AP32*K32*1000)),"NA") -> NA | AU32: =IF(G32="MOTOR",IF(AT32<=15,"YES","NO"),"NA") -> NA | AV32: =IF(U32="1C",CONCATENATE(AP32,"R x ",Y32,"kV x ",U32," x ",V32," Sqmm/Phase"),CONCATENATE(AP32,"R x ",0.6,"/1kV x ",U32," x ",V32," Sqmm")) -> 1R x 0.6/1kV x 3C x 4 Sqmm | AW32: =IF(U32="1C",CONCATENATE(AP32,"R x ",Y32,"kV x ",U32," x ",V32," Sqmm/Phase"),CONCATENATE(AP32,"R x ",0.6,"/1kV x ",U32," x ",V32,(IF(G32="MOTOR","+PE",""))," Sqmm")) -> 1R x 0.6/1kV x 3C x 4 Sqmm | AX32: =(IF(K32=400,(IF(U32="1C",(4*AH32*AP32),(AH32*AP32))),IF(K32=230,(AH32*AP32)))) -> 256
A33: =1+A32 -> 23 | B33: 1411-V002B | C33: =$D$6 -> PMCC-1 | D33: ADT for Air receciver 60M³ | E33: INSTRUMENT AIR COMPRESSOR AREA | F33: A | G33: POWER | H33: 0.03 | I33: kW | J33: 1Ph | K33: 230 | L33: 0.73 | M33: 0.825 | N33: =IF(I33="kVA",IF(J33="3Ph",(H33*1000/(1.732*M33*K33)),(H33*1000/(M33*K33))),IF(I33="kW",IF(J33="3Ph",(H33*1000/(1.732*M33*K33*L33)),(H33*1000/(M33*K33*L33))))) -> 0.21657913 | O33: =IF(G33="MOTOR",(6*N33),IF(G33="VFD",(1*N33),0)) -> 0 | P33: =IF(G33="MOTOR",0.2,"0.00") -> 0.00 | Q33: 65 | R33: 0 | S33: =(Q33*1000*SQRT(R33)/143) -> 0 | T33: AIR | U33: 3C | V33: 4 | W33: =CONCATENATE(U33," X ",V33) -> 3C X 4 | X33: =(IF(J33="1Ph",W33,IF(J33="3Ph",(IF(G33="MOTOR",(CONCATENATE(W33,"+PE")),W33))))) -> 3C X 4 | Y33: 0.6/1.0 | Z33: =IF(T33="AIR",VLOOKUP(W33,'Catalogue Aluminium'!$B$9:$G$91,2,FALSE),IF(T33="GROUND",VLOOKUP(W33,'Catalogue Aluminium'!$B$9:$G$91,3,FALSE),IF(T33="DUCT",VLOOKUP(W33,'Catalogue Aluminium'!$B$9:$G$91,4,FALSE),IF(T33="TRENCH",VLOOKUP(W33,'Catalogue Aluminium'!$B$9:$G$91,2,FALSE))))) -> 38 | AA33: =VLOOKUP(W33,'Catalogue Aluminium'!$B$9:$G$91,5,FALSE) -> 5.9 | AB33: =VLOOKUP(W33,'Catalogue Aluminium'!$B$9:$G$91,6,FALSE) -> 0.0947 | AC33: =15+13 -> 28 | AD33: =42+74+25+21 -> 162 | AE33: =11+11 -> 22 | AF33: 8 | AG33: =ROUNDUP((SUM(AC33:AF33)*0.1),0) -> 22 | AH33: =SUM(AC33:AG33) -> 242 | AI33: =IF(T33="AIR",'Catalogue Aluminium'!$K$9,IF(T33="TRENCH",'Catalogue Aluminium'!$K$12,"NA")) -> 0.89 | AJ33: =IF(T33="Air",(IF(U33="1C",'Catalogue Aluminium'!$L$9,'Catalogue Aluminium'!$M$9)),IF(T33="DUCT",(IF($U33="1C",'Catalogue Aluminium'!$L$10,'Catalogue Aluminium'!$M$10)),IF(T33="GROUND",(IF($U33="1C",'Catalogue Aluminium'!$L$11,'Catalogue Aluminium'!$M$11)),IF(T33="TRENCH",(IF($U33="1C",'Catalogue Aluminium'!$L$12,'Catalogue Aluminium'!$M$12)))))) -> 0.66 | AK33: =IF(T33="Air",'Catalogue Aluminium'!$N$9,IF(T33="GROUND",'Catalogue Aluminium'!$N$10,IF(T33="DUCT",'Catalogue Aluminium'!$N$11,IF(T33="TRENCH",'Catalogue Aluminium'!$N$12,"NA")))) -> NA | AL33: =IF(T33="Air",(IF(U33="1C",'Catalogue Aluminium'!$O$9,'Catalogue Aluminium'!$P$9)),IF(T33="DUCT",(IF($U33="1C",'Catalogue Aluminium'!$O$10,'Catalogue Aluminium'!$P$10)),IF(T33="GROUND",(IF($U33="1C",'Catalogue Aluminium'!$O$11,'Catalogue Aluminium'!$P$11)),IF(T33="TRENCH",(IF($U33="1C",'Catalogue Aluminium'!$O$12,'Catalogue Aluminium'!$P$12)))))) -> NA | AM33: =IF(T33="AIR","NA",IF(T33="TRENCH","NA",IF(T33="DUCT",IF(U33="1C",VLOOKUP(V33,'Catalogue Aluminium'!$Q$9:$S$28,2,FALSE),VLOOKUP(V33,'Catalogue Aluminium'!$Q$9:$S$28,3)),IF(T33="GROUND",IF(U33="1C",VLOOKUP(V33,'Catalogue Aluminium'!$Q$9:$S$28,2,FALSE),VLOOKUP(V33,'Catalogue Aluminium'!$Q$9:$S$28,3)))))) -> NA | AN33: =IF(T33="AIR",AI33*AJ33,IF(T33="TRENCH",AI33*AJ33,IF(T33="DUCT",AJ33*AK33*AL33*AM33,IF(T33="GROUND",AJ33*AK33*AL33*AM33)))) -> 0.5874 | AO33: =Z33*AN33 -> 22.3212 | AP33: =CEILING(((N33)/AO33),1) -> 1 | AQ33: =IF(AO33*AP33>=N33,"YES","NO") -> YES | AR33: =SQRT(3)*AH33*N33*((AA33*L33)+(AB33*SIN(ACOS(L33))))*100/(AP33*K33*1000) -> 0.17255095 | AS33: =IF(G33="INCOMER",(IF(AR33<=2,"YES","NO")),IF(G33="POWER",(IF(AR33<=2.5,"YES","NO")),IF(G33="MOTOR",(IF(AR33<=3,"YES","NO"))))) -> YES | AT33: =IF(G33="MOTOR",(SQRT(3)*AH33*O33*((AA33*P33)+(AB33*SIN(ACOS(P33))))*100/(AP33*K33*1000)),"NA") -> NA | AU33: =IF(G33="MOTOR",IF(AT33<=15,"YES","NO"),"NA") -> NA | AV33: =IF(U33="1C",CONCATENATE(AP33,"R x ",Y33,"kV x ",U33," x ",V33," Sqmm/Phase"),CONCATENATE(AP33,"R x ",0.6,"/1kV x ",U33," x ",V33," Sqmm")) -> 1R x 0.6/1kV x 3C x 4 Sqmm | AW33: =IF(U33="1C",CONCATENATE(AP33,"R x ",Y33,"kV x ",U33," x ",V33," Sqmm/Phase"),CONCATENATE(AP33,"R x ",0.6,"/1kV x ",U33," x ",V33,(IF(G33="MOTOR","+PE",""))," Sqmm")) -> 1R x 0.6/1kV x 3C x 4 Sqmm | AX33: =(IF(K33=400,(IF(U33="1C",(4*AH33*AP33),(AH33*AP33))),IF(K33=230,(AH33*AP33)))) -> 242
A34: =1+A33 -> 24 | B34: 1417-P-001A | C34: =$D$6 -> PMCC-1 | D34: Electrolyte (KOH) Drain pump | E34: INSTRUMENT AIR COMPRESSOR AREA | F34: B | G34: MOTOR | H34: 3 | I34: kW | J34: 3Ph | K34: 400 | L34: 0.85 | M34: 0.95 | N34: =IF(I34="kVA",IF(J34="3Ph",(H34*1000/(1.732*M34*K34)),(H34*1000/(M34*K34))),IF(I34="kW",IF(J34="3Ph",(H34*1000/(1.732*M34*K34*L34)),(H34*1000/(M34*K34*L34))))) -> 5.3625437 | O34: =IF(G34="MOTOR",(6*N34),IF(G34="VFD",(1*N34),0)) -> 32.175262 | P34: =IF(G34="MOTOR",0.2,"0.00") -> 0.2 | Q34: 65 | R34: 0 | S34: =(Q34*1000*SQRT(R34)/143) -> 0 | T34: AIR | U34: 3C | V34: 6 | W34: =CONCATENATE(U34," X ",V34) -> 3C X 6 | X34: =(IF(J34="1Ph",W34,IF(J34="3Ph",(IF(G34="MOTOR",(CONCATENATE(W34,"+PE")),W34))))) -> 3C X 6+PE | Y34: 0.6/1.0 | Z34: =IF(T34="AIR",VLOOKUP(W34,'Catalogue Aluminium'!$B$9:$G$91,2,FALSE),IF(T34="GROUND",VLOOKUP(W34,'Catalogue Aluminium'!$B$9:$G$91,3,FALSE),IF(T34="DUCT",VLOOKUP(W34,'Catalogue Aluminium'!$B$9:$G$91,4,FALSE),IF(T34="TRENCH",VLOOKUP(W34,'Catalogue Aluminium'!$B$9:$G$91,2,FALSE))))) -> 51 | AA34: =VLOOKUP(W34,'Catalogue Aluminium'!$B$9:$G$91,5,FALSE) -> 3.94 | AB34: =VLOOKUP(W34,'Catalogue Aluminium'!$B$9:$G$91,6,FALSE) -> 0.0902 | AC34: =29+11 -> 40 | AD34: =42+74+25+21 -> 162 | AE34: =11+11 -> 22 | AF34: 8 | AG34: =ROUNDUP((SUM(AC34:AF34)*0.1),0) -> 24 | AH34: =SUM(AC34:AG34) -> 256 | AI34: =IF(T34="AIR",'Catalogue Aluminium'!$K$9,IF(T34="TRENCH",'Catalogue Aluminium'!$K$12,"NA")) -> 0.89 | AJ34: =IF(T34="Air",(IF(U34="1C",'Catalogue Aluminium'!$L$9,'Catalogue Aluminium'!$M$9)),IF(T34="DUCT",(IF($U34="1C",'Catalogue Aluminium'!$L$10,'Catalogue Aluminium'!$M$10)),IF(T34="GROUND",(IF($U34="1C",'Catalogue Aluminium'!$L$11,'Catalogue Aluminium'!$M$11)),IF(T34="TRENCH",(IF($U34="1C",'Catalogue Aluminium'!$L$12,'Catalogue Aluminium'!$M$12)))))) -> 0.66 | AK34: =IF(T34="Air",'Catalogue Aluminium'!$N$9,IF(T34="GROUND",'Catalogue Aluminium'!$N$10,IF(T34="DUCT",'Catalogue Aluminium'!$N$11,IF(T34="TRENCH",'Catalogue Aluminium'!$N$12,"NA")))) -> NA | AL34: =IF(T34="Air",(IF(U34="1C",'Catalogue Aluminium'!$O$9,'Catalogue Aluminium'!$P$9)),IF(T34="DUCT",(IF($U34="1C",'Catalogue Aluminium'!$O$10,'Catalogue Aluminium'!$P$10)),IF(T34="GROUND",(IF($U34="1C",'Catalogue Aluminium'!$O$11,'Catalogue Aluminium'!$P$11)),IF(T34="TRENCH",(IF($U34="1C",'Catalogue Aluminium'!$O$12,'Catalogue Aluminium'!$P$12)))))) -> NA | AM34: =IF(T34="AIR","NA",IF(T34="TRENCH","NA",IF(T34="DUCT",IF(U34="1C",VLOOKUP(V34,'Catalogue Aluminium'!$Q$9:$S$28,2,FALSE),VLOOKUP(V34,'Catalogue Aluminium'!$Q$9:$S$28,3)),IF(T34="GROUND",IF(U34="1C",VLOOKUP(V34,'Catalogue Aluminium'!$Q$9:$S$28,2,FALSE),VLOOKUP(V34,'Catalogue Aluminium'!$Q$9:$S$28,3)))))) -> NA | AN34: =IF(T34="AIR",AI34*AJ34,IF(T34="TRENCH",AI34*AJ34,IF(T34="DUCT",AJ34*AK34*AL34*AM34,IF(T34="GROUND",AJ34*AK34*AL34*AM34)))) -> 0.5874 | AO34: =Z34*AN34 -> 29.9574 | AP34: =CEILING(((N34)/AO34),1) -> 1 | AQ34: =IF(AO34*AP34>=N34,"YES","NO") -> YES | AR34: =SQRT(3)*AH34*N34*((AA34*L34)+(AB34*SIN(ACOS(L34))))*100/(AP34*K34*1000) -> 2.0190408 | AS34: =IF(G34="INCOMER",(IF(AR34<=2,"YES","NO")),IF(G34="POWER",(IF(AR34<=2.5,"YES","NO")),IF(G34="MOTOR",(IF(AR34<=3,"YES","NO"))))) -> YES | AT34: =IF(G34="MOTOR",(SQRT(3)*AH34*O34*((AA34*P34)+(AB34*SIN(ACOS(P34))))*100/(AP34*K34*1000)),"NA") -> 3.125748 | AU34: =IF(G34="MOTOR",IF(AT34<=15,"YES","NO"),"NA") -> YES | AV34: =IF(U34="1C",CONCATENATE(AP34,"R x ",Y34,"kV x ",U34," x ",V34," Sqmm/Phase"),CONCATENATE(AP34,"R x ",0.6,"/1kV x ",U34," x ",V34," Sqmm")) -> 1R x 0.6/1kV x 3C x 6 Sqmm | AW34: =IF(U34="1C",CONCATENATE(AP34,"R x ",Y34,"kV x ",U34," x ",V34," Sqmm/Phase"),CONCATENATE(AP34,"R x ",0.6,"/1kV x ",U34," x ",V34,(IF(G34="MOTOR","+PE",""))," Sqmm")) -> 1R x 0.6/1kV x 3C x 6+PE Sqmm | AX34: =(IF(K34=400,(IF(U34="1C",(4*AH34*AP34),(AH34*AP34))),IF(K34=230,(AH34*AP34)))) -> 256
A35: =1+A34 -> 25 | B35: 1417-P-001B | C35: =$D$6 -> PMCC-1 | D35: Electrolyte (KOH) Drain pump | E35: INSTRUMENT AIR COMPRESSOR AREA | F35: B | G35: MOTOR | H35: 3 | I35: kW | J35: 3Ph | K35: 400 | L35: 0.85 | M35: 0.95 | N35: =IF(I35="kVA",IF(J35="3Ph",(H35*1000/(1.732*M35*K35)),(H35*1000/(M35*K35))),IF(I35="kW",IF(J35="3Ph",(H35*1000/(1.732*M35*K35*L35)),(H35*1000/(M35*K35*L35))))) -> 5.3625437 | O35: =IF(G35="MOTOR",(6*N35),IF(G35="VFD",(1*N35),0)) -> 32.175262 | P35: =IF(G35="MOTOR",0.2,"0.00") -> 0.2 | Q35: 65 | R35: 0 | S35: =(Q35*1000*SQRT(R35)/143) -> 0 | T35: AIR | U35: 3C | V35: 6 | W35: =CONCATENATE(U35," X ",V35) -> 3C X 6 | X35: =(IF(J35="1Ph",W35,IF(J35="3Ph",(IF(G35="MOTOR",(CONCATENATE(W35,"+PE")),W35))))) -> 3C X 6+PE | Y35: 0.6/1.0 | Z35: =IF(T35="AIR",VLOOKUP(W35,'Catalogue Aluminium'!$B$9:$G$91,2,FALSE),IF(T35="GROUND",VLOOKUP(W35,'Catalogue Aluminium'!$B$9:$G$91,3,FALSE),IF(T35="DUCT",VLOOKUP(W35,'Catalogue Aluminium'!$B$9:$G$91,4,FALSE),IF(T35="TRENCH",VLOOKUP(W35,'Catalogue Aluminium'!$B$9:$G$91,2,FALSE))))) -> 51 | AA35: =VLOOKUP(W35,'Catalogue Aluminium'!$B$9:$G$91,5,FALSE) -> 3.94 | AB35: =VLOOKUP(W35,'Catalogue Aluminium'!$B$9:$G$91,6,FALSE) -> 0.0902 | AC35: =29+11 -> 40 | AD35: =42+74+25+21 -> 162 | AE35: =11+11 -> 22 | AF35: 8 | AG35: =ROUNDUP((SUM(AC35:AF35)*0.1),0) -> 24 | AH35: =SUM(AC35:AG35) -> 256 | AI35: =IF(T35="AIR",'Catalogue Aluminium'!$K$9,IF(T35="TRENCH",'Catalogue Aluminium'!$K$12,"NA")) -> 0.89 | AJ35: =IF(T35="Air",(IF(U35="1C",'Catalogue Aluminium'!$L$9,'Catalogue Aluminium'!$M$9)),IF(T35="DUCT",(IF($U35="1C",'Catalogue Aluminium'!$L$10,'Catalogue Aluminium'!$M$10)),IF(T35="GROUND",(IF($U35="1C",'Catalogue Aluminium'!$L$11,'Catalogue Aluminium'!$M$11)),IF(T35="TRENCH",(IF($U35="1C",'Catalogue Aluminium'!$L$12,'Catalogue Aluminium'!$M$12)))))) -> 0.66 | AK35: =IF(T35="Air",'Catalogue Aluminium'!$N$9,IF(T35="GROUND",'Catalogue Aluminium'!$N$10,IF(T35="DUCT",'Catalogue Aluminium'!$N$11,IF(T35="TRENCH",'Catalogue Aluminium'!$N$12,"NA")))) -> NA | AL35: =IF(T35="Air",(IF(U35="1C",'Catalogue Aluminium'!$O$9,'Catalogue Aluminium'!$P$9)),IF(T35="DUCT",(IF($U35="1C",'Catalogue Aluminium'!$O$10,'Catalogue Aluminium'!$P$10)),IF(T35="GROUND",(IF($U35="1C",'Catalogue Aluminium'!$O$11,'Catalogue Aluminium'!$P$11)),IF(T35="TRENCH",(IF($U35="1C",'Catalogue Aluminium'!$O$12,'Catalogue Aluminium'!$P$12)))))) -> NA | AM35: =IF(T35="AIR","NA",IF(T35="TRENCH","NA",IF(T35="DUCT",IF(U35="1C",VLOOKUP(V35,'Catalogue Aluminium'!$Q$9:$S$28,2,FALSE),VLOOKUP(V35,'Catalogue Aluminium'!$Q$9:$S$28,3)),IF(T35="GROUND",IF(U35="1C",VLOOKUP(V35,'Catalogue Aluminium'!$Q$9:$S$28,2,FALSE),VLOOKUP(V35,'Catalogue Aluminium'!$Q$9:$S$28,3)))))) -> NA | AN35: =IF(T35="AIR",AI35*AJ35,IF(T35="TRENCH",AI35*AJ35,IF(T35="DUCT",AJ35*AK35*AL35*AM35,IF(T35="GROUND",AJ35*AK35*AL35*AM35)))) -> 0.5874 | AO35: =Z35*AN35 -> 29.9574 | AP35: =CEILING(((N35)/AO35),1) -> 1 | AQ35: =IF(AO35*AP35>=N35,"YES","NO") -> YES | AR35: =SQRT(3)*AH35*N35*((AA35*L35)+(AB35*SIN(ACOS(L35))))*100/(AP35*K35*1000) -> 2.0190408 | AS35: =IF(G35="INCOMER",(IF(AR35<=2,"YES","NO")),IF(G35="POWER",(IF(AR35<=2.5,"YES","NO")),IF(G35="MOTOR",(IF(AR35<=3,"YES","NO"))))) -> YES | AT35: =IF(G35="MOTOR",(SQRT(3)*AH35*O35*((AA35*P35)+(AB35*SIN(ACOS(P35))))*100/(AP35*K35*1000)),"NA") -> 3.125748 | AU35: =IF(G35="MOTOR",IF(AT35<=15,"YES","NO"),"NA") -> YES | AV35: =IF(U35="1C",CONCATENATE(AP35,"R x ",Y35,"kV x ",U35," x ",V35," Sqmm/Phase"),CONCATENATE(AP35,"R x ",0.6,"/1kV x ",U35," x ",V35," Sqmm")) -> 1R x 0.6/1kV x 3C x 6 Sqmm | AW35: =IF(U35="1C",CONCATENATE(AP35,"R x ",Y35,"kV x ",U35," x ",V35," Sqmm/Phase"),CONCATENATE(AP35,"R x ",0.6,"/1kV x ",U35," x ",V35,(IF(G35="MOTOR","+PE",""))," Sqmm")) -> 1R x 0.6/1kV x 3C x 6+PE Sqmm | AX35: =(IF(K35=400,(IF(U35="1C",(4*AH35*AP35),(AH35*AP35))),IF(K35=230,(AH35*AP35)))) -> 256
A36: X | B36: - | C36: =$D$6 -> PMCC-1 | D36: MASTER PLC | E36: INSTRUMENT AIR COMPRESSOR AREA | F36: B | G36: POWER | H36: 2 | I36: kW | J36: 3Ph | K36: 400 | L36: 0.85 | M36: 0.95 | N36: =IF(I36="kVA",IF(J36="3Ph",(H36*1000/(1.732*M36*K36)),(H36*1000/(M36*K36))),IF(I36="kW",IF(J36="3Ph",(H36*1000/(1.732*M36*K36*L36)),(H36*1000/(M36*K36*L36))))) -> 3.5750291 | O36: =IF(G36="MOTOR",(6*N36),IF(G36="VFD",(1*N36),0)) -> 0 | P36: =IF(G36="MOTOR",0.2,"0.00") -> 0.00 | Q36: 65 | R36: 0 | S36: =(Q36*1000*SQRT(R36)/143) -> 0 | T36: AIR | U36: 4C | V36: 4 | W36: =CONCATENATE(U36," X ",V36) -> 4C X 4 | X36: =(IF(J36="1Ph",W36,IF(J36="3Ph",(IF(G36="MOTOR",(CONCATENATE(W36,"+PE")),W36))))) -> 4C X 4 | Y36: 0.6/1.0 | Z36: =IF(T36="AIR",VLOOKUP(W36,'Catalogue Aluminium'!$B$9:$G$91,2,FALSE),IF(T36="GROUND",VLOOKUP(W36,'Catalogue Aluminium'!$B$9:$G$91,3,FALSE),IF(T36="DUCT",VLOOKUP(W36,'Catalogue Aluminium'!$B$9:$G$91,4,FALSE),IF(T36="TRENCH",VLOOKUP(W36,'Catalogue Aluminium'!$B$9:$G$91,2,FALSE))))) -> 38 | AA36: =VLOOKUP(W36,'Catalogue Aluminium'!$B$9:$G$91,5,FALSE) -> 5.9 | AB36: =VLOOKUP(W36,'Catalogue Aluminium'!$B$9:$G$91,6,FALSE) -> 0.0947 | AC36: =29+11 -> 40 | AD36: =42+74+25+21 -> 162 | AE36: =11+11 -> 22 | AF36: 8 | AG36: =ROUNDUP((SUM(AC36:AF36)*0.1),0) -> 24 | AH36: =SUM(AC36:AG36) -> 256 | AI36: =IF(T36="AIR",'Catalogue Aluminium'!$K$9,IF(T36="TRENCH",'Catalogue Aluminium'!$K$12,"NA")) -> 0.89 | AJ36: =IF(T36="Air",(IF(U36="1C",'Catalogue Aluminium'!$L$9,'Catalogue Aluminium'!$M$9)),IF(T36="DUCT",(IF($U36="1C",'Catalogue Aluminium'!$L$10,'Catalogue Aluminium'!$M$10)),IF(T36="GROUND",(IF($U36="1C",'Catalogue Aluminium'!$L$11,'Catalogue Aluminium'!$M$11)),IF(T36="TRENCH",(IF($U36="1C",'Catalogue Aluminium'!$L$12,'Catalogue Aluminium'!$M$12)))))) -> 0.66 | AK36: =IF(T36="Air",'Catalogue Aluminium'!$N$9,IF(T36="GROUND",'Catalogue Aluminium'!$N$10,IF(T36="DUCT",'Catalogue Aluminium'!$N$11,IF(T36="TRENCH",'Catalogue Aluminium'!$N$12,"NA")))) -> NA | AL36: =IF(T36="Air",(IF(U36="1C",'Catalogue Aluminium'!$O$9,'Catalogue Aluminium'!$P$9)),IF(T36="DUCT",(IF($U36="1C",'Catalogue Aluminium'!$O$10,'Catalogue Aluminium'!$P$10)),IF(T36="GROUND",(IF($U36="1C",'Catalogue Aluminium'!$O$11,'Catalogue Aluminium'!$P$11)),IF(T36="TRENCH",(IF($U36="1C",'Catalogue Aluminium'!$O$12,'Catalogue Aluminium'!$P$12)))))) -> NA | AM36: =IF(T36="AIR","NA",IF(T36="TRENCH","NA",IF(T36="DUCT",IF(U36="1C",VLOOKUP(V36,'Catalogue Aluminium'!$Q$9:$S$28,2,FALSE),VLOOKUP(V36,'Catalogue Aluminium'!$Q$9:$S$28,3)),IF(T36="GROUND",IF(U36="1C",VLOOKUP(V36,'Catalogue Aluminium'!$Q$9:$S$28,2,FALSE),VLOOKUP(V36,'Catalogue Aluminium'!$Q$9:$S$28,3)))))) -> NA | AN36: =IF(T36="AIR",AI36*AJ36,IF(T36="TRENCH",AI36*AJ36,IF(T36="DUCT",AJ36*AK36*AL36*AM36,IF(T36="GROUND",AJ36*AK36*AL36*AM36)))) -> 0.5874 | AO36: =Z36*AN36 -> 22.3212 | AP36: =CEILING(((N36)/AO36),1) -> 1 | AQ36: =IF(AO36*AP36>=N36,"YES","NO") -> YES | AR36: =SQRT(3)*AH36*N36*((AA36*L36)+(AB36*SIN(ACOS(L36))))*100/(AP36*K36*1000) -> 2.0071965 | AS36: =IF(G36="INCOMER",(IF(AR36<=2,"YES","NO")),IF(G36="POWER",(IF(AR36<=2.5,"YES","NO")),IF(G36="MOTOR",(IF(AR36<=3,"YES","NO"))))) -> YES | AT36: =IF(G36="MOTOR",(SQRT(3)*AH36*O36*((AA36*P36)+(AB36*SIN(ACOS(P36))))*100/(AP36*K36*1000)),"NA") -> NA | AU36: =IF(G36="MOTOR",IF(AT36<=15,"YES","NO"),"NA") -> NA | AV36: =IF(U36="1C",CONCATENATE(AP36,"R x ",Y36,"kV x ",U36," x ",V36," Sqmm/Phase"),CONCATENATE(AP36,"R x ",0.6,"/1kV x ",U36," x ",V36," Sqmm")) -> 1R x 0.6/1kV x 4C x 4 Sqmm | AW36: =IF(U36="1C",CONCATENATE(AP36,"R x ",Y36,"kV x ",U36," x ",V36," Sqmm/Phase"),CONCATENATE(AP36,"R x ",0.6,"/1kV x ",U36," x ",V36,(IF(G36="MOTOR","+PE",""))," Sqmm")) -> 1R x 0.6/1kV x 4C x 4 Sqmm | AX36: =(IF(K36=400,(IF(U36="1C",(4*AH36*AP36),(AH36*AP36))),IF(K36=230,(AH36*AP36)))) -> 256
A37: X | D37: ASU PACKAGE (1404-PK001)
A38: X | B38: - | C38: =$D$6 -> PMCC-1 | D38: ASU-SELF CLEANING FILTER A | E38: AIR SEPARATION UNIT | F38: B | G38: MOTOR | H38: 0.1 | I38: kW | J38: 3Ph | K38: 400 | L38: 0.73 | M38: 0.825 | N38: =IF(I38="kVA",IF(J38="3Ph",(H38*1000/(1.732*M38*K38)),(H38*1000/(M38*K38))),IF(I38="kW",IF(J38="3Ph",(H38*1000/(1.732*M38*K38*L38)),(H38*1000/(M38*K38*L38))))) -> 0.2396709 | O38: =IF(G38="MOTOR",(6*N38),IF(G38="VFD",(1*N38),0)) -> 1.4380254 | P38: =IF(G38="MOTOR",0.2,"0.00") -> 0.2 | Q38: 65 | R38: 0 | S38: =(Q38*1000*SQRT(R38)/143) -> 0 | T38: AIR | U38: 3C | V38: 4 | W38: =CONCATENATE(U38," X ",V38) -> 3C X 4 | X38: =(IF(J38="1Ph",W38,IF(J38="3Ph",(IF(G38="MOTOR",(CONCATENATE(W38,"+PE")),W38))))) -> 3C X 4+PE | Y38: 0.6/1.0 | Z38: =IF(T38="AIR",VLOOKUP(W38,'Catalogue Aluminium'!$B$9:$G$91,2,FALSE),IF(T38="GROUND",VLOOKUP(W38,'Catalogue Aluminium'!$B$9:$G$91,3,FALSE),IF(T38="DUCT",VLOOKUP(W38,'Catalogue Aluminium'!$B$9:$G$91,4,FALSE),IF(T38="TRENCH",VLOOKUP(W38,'Catalogue Aluminium'!$B$9:$G$91,2,FALSE))))) -> 38 | AA38: =VLOOKUP(W38,'Catalogue Aluminium'!$B$9:$G$91,5,FALSE) -> 5.9 | AB38: =VLOOKUP(W38,'Catalogue Aluminium'!$B$9:$G$91,6,FALSE) -> 0.0947 | AC38: =22+11 -> 33 | AD38: =11+34+48+10 -> 103 | AE38: =11+11 -> 22 | AF38: 8 | AG38: =ROUNDUP((SUM(AC38:AF38)*0.1),0) -> 17 | AI38: =IF(T38="AIR",'Catalogue Aluminium'!$K$9,IF(T38="TRENCH",'Catalogue Aluminium'!$K$12,"NA")) -> 0.89 | AJ38: =IF(T38="Air",(IF(U38="1C",'Catalogue Aluminium'!$L$9,'Catalogue Aluminium'!$M$9)),IF(T38="DUCT",(IF($U38="1C",'Catalogue Aluminium'!$L$10,'Catalogue Aluminium'!$M$10)),IF(T38="GROUND",(IF($U38="1C",'Catalogue Aluminium'!$L$11,'Catalogue Aluminium'!$M$11)),IF(T38="TRENCH",(IF($U38="1C",'Catalogue Aluminium'!$L$12,'Catalogue Aluminium'!$M$12)))))) -> 0.66 | AK38: =IF(T38="Air",'Catalogue Aluminium'!$N$9,IF(T38="GROUND",'Catalogue Aluminium'!$N$10,IF(T38="DUCT",'Catalogue Aluminium'!$N$11,IF(T38="TRENCH",'Catalogue Aluminium'!$N$12,"NA")))) -> NA | AL38: =IF(T38="Air",(IF(U38="1C",'Catalogue Aluminium'!$O$9,'Catalogue Aluminium'!$P$9)),IF(T38="DUCT",(IF($U38="1C",'Catalogue Aluminium'!$O$10,'Catalogue Aluminium'!$P$10)),IF(T38="GROUND",(IF($U38="1C",'Catalogue Aluminium'!$O$11,'Catalogue Aluminium'!$P$11)),IF(T38="TRENCH",(IF($U38="1C",'Catalogue Aluminium'!$O$12,'Catalogue Aluminium'!$P$12)))))) -> NA | AM38: =IF(T38="AIR","NA",IF(T38="TRENCH","NA",IF(T38="DUCT",IF(U38="1C",VLOOKUP(V38,'Catalogue Aluminium'!$Q$9:$S$28,2,FALSE),VLOOKUP(V38,'Catalogue Aluminium'!$Q$9:$S$28,3)),IF(T38="GROUND",IF(U38="1C",VLOOKUP(V38,'Catalogue Aluminium'!$Q$9:$S$28,2,FALSE),VLOOKUP(V38,'Catalogue Aluminium'!$Q$9:$S$28,3)))))) -> NA | AN38: =IF(T38="AIR",AI38*AJ38,IF(T38="TRENCH",AI38*AJ38,IF(T38="DUCT",AJ38*AK38*AL38*AM38,IF(T38="GROUND",AJ38*AK38*AL38*AM38)))) -> 0.5874 | AO38: =Z38*AN38 -> 22.3212 | AP38: =CEILING(((N38)/AO38),1) -> 1 | AQ38: =IF(AO38*AP38>=N38,"YES","NO") -> YES | AR38: =SQRT(3)*AH38*N38*((AA38*L38)+(AB38*SIN(ACOS(L38))))*100/(AP38*K38*1000) -> 0 | AS38: =IF(G38="INCOMER",(IF(AR38<=2,"YES","NO")),IF(G38="POWER",(IF(AR38<=2.5,"YES","NO")),IF(G38="MOTOR",(IF(AR38<=3,"YES","NO"))))) -> YES | AT38: =IF(G38="MOTOR",(SQRT(3)*AH38*O38*((AA38*P38)+(AB38*SIN(ACOS(P38))))*100/(AP38*K38*1000)),"NA") -> 0 | AU38: =IF(G38="MOTOR",IF(AT38<=15,"YES","NO"),"NA") -> YES | AV38: =IF(U38="1C",CONCATENATE(AP38,"R x ",Y38,"kV x ",U38," x ",V38," Sqmm/Phase"),CONCATENATE(AP38,"R x ",0.6,"/1kV x ",U38," x ",V38," Sqmm")) -> 1R x 0.6/1kV x 3C x 4 Sqmm | AW38: =IF(U38="1C",CONCATENATE(AP38,"R x ",Y38,"kV x ",U38," x ",V38," Sqmm/Phase"),CONCATENATE(AP38,"R x ",0.6,"/1kV x ",U38," x ",V38,(IF(G38="MOTOR","+PE",""))," Sqmm")) -> 1R x 0.6/1kV x 3C x 4+PE Sqmm
A39: X | B39: - | C39: =$D$6 -> PMCC-1 | D39: ASU-SELF CLEANING FILTER B | E39: AIR SEPARATION UNIT | F39: A | G39: MOTOR | H39: 0.1 | I39: kW | J39: 3Ph | K39: 400 | L39: 0.73 | M39: 0.825 | N39: =IF(I39="kVA",IF(J39="3Ph",(H39*1000/(1.732*M39*K39)),(H39*1000/(M39*K39))),IF(I39="kW",IF(J39="3Ph",(H39*1000/(1.732*M39*K39*L39)),(H39*1000/(M39*K39*L39))))) -> 0.2396709 | O39: =IF(G39="MOTOR",(6*N39),IF(G39="VFD",(1*N39),0)) -> 1.4380254 | P39: =IF(G39="MOTOR",0.2,"0.00") -> 0.2 | Q39: 65 | R39: 0 | S39: =(Q39*1000*SQRT(R39)/143) -> 0 | T39: AIR | U39: 3C | V39: 4 | W39: =CONCATENATE(U39," X ",V39) -> 3C X 4 | X39: =(IF(J39="1Ph",W39,IF(J39="3Ph",(IF(G39="MOTOR",(CONCATENATE(W39,"+PE")),W39))))) -> 3C X 4+PE | Y39: 0.6/1.0 | Z39: =IF(T39="AIR",VLOOKUP(W39,'Catalogue Aluminium'!$B$9:$G$91,2,FALSE),IF(T39="GROUND",VLOOKUP(W39,'Catalogue Aluminium'!$B$9:$G$91,3,FALSE),IF(T39="DUCT",VLOOKUP(W39,'Catalogue Aluminium'!$B$9:$G$91,4,FALSE),IF(T39="TRENCH",VLOOKUP(W39,'Catalogue Aluminium'!$B$9:$G$91,2,FALSE))))) -> 38 | AA39: =VLOOKUP(W39,'Catalogue Aluminium'!$B$9:$G$91,5,FALSE) -> 5.9 | AB39: =VLOOKUP(W39,'Catalogue Aluminium'!$B$9:$G$91,6,FALSE) -> 0.0947 | AC39: =29+11 -> 40 | AD39: =11+34+48+10 -> 103 | AE39: =11+11 -> 22 | AF39: 8 | AG39: =ROUNDUP((SUM(AC39:AF39)*0.1),0) -> 18 | AI39: =IF(T39="AIR",'Catalogue Aluminium'!$K$9,IF(T39="TRENCH",'Catalogue Aluminium'!$K$12,"NA")) -> 0.89 | AJ39: =IF(T39="Air",(IF(U39="1C",'Catalogue Aluminium'!$L$9,'Catalogue Aluminium'!$M$9)),IF(T39="DUCT",(IF($U39="1C",'Catalogue Aluminium'!$L$10,'Catalogue Aluminium'!$M$10)),IF(T39="GROUND",(IF($U39="1C",'Catalogue Aluminium'!$L$11,'Catalogue Aluminium'!$M$11)),IF(T39="TRENCH",(IF($U39="1C",'Catalogue Aluminium'!$L$12,'Catalogue Aluminium'!$M$12)))))) -> 0.66 | AK39: =IF(T39="Air",'Catalogue Aluminium'!$N$9,IF(T39="GROUND",'Catalogue Aluminium'!$N$10,IF(T39="DUCT",'Catalogue Aluminium'!$N$11,IF(T39="TRENCH",'Catalogue Aluminium'!$N$12,"NA")))) -> NA | AL39: =IF(T39="Air",(IF(U39="1C",'Catalogue Aluminium'!$O$9,'Catalogue Aluminium'!$P$9)),IF(T39="DUCT",(IF($U39="1C",'Catalogue Aluminium'!$O$10,'Catalogue Aluminium'!$P$10)),IF(T39="GROUND",(IF($U39="1C",'Catalogue Aluminium'!$O$11,'Catalogue Aluminium'!$P$11)),IF(T39="TRENCH",(IF($U39="1C",'Catalogue Aluminium'!$O$12,'Catalogue Aluminium'!$P$12)))))) -> NA | AM39: =IF(T39="AIR","NA",IF(T39="TRENCH","NA",IF(T39="DUCT",IF(U39="1C",VLOOKUP(V39,'Catalogue Aluminium'!$Q$9:$S$28,2,FALSE),VLOOKUP(V39,'Catalogue Aluminium'!$Q$9:$S$28,3)),IF(T39="GROUND",IF(U39="1C",VLOOKUP(V39,'Catalogue Aluminium'!$Q$9:$S$28,2,FALSE),VLOOKUP(V39,'Catalogue Aluminium'!$Q$9:$S$28,3)))))) -> NA | AN39: =IF(T39="AIR",AI39*AJ39,IF(T39="TRENCH",AI39*AJ39,IF(T39="DUCT",AJ39*AK39*AL39*AM39,IF(T39="GROUND",AJ39*AK39*AL39*AM39)))) -> 0.5874 | AO39: =Z39*AN39 -> 22.3212 | AP39: =CEILING(((N39)/AO39),1) -> 1 | AQ39: =IF(AO39*AP39>=N39,"YES","NO") -> YES | AR39: =SQRT(3)*AH39*N39*((AA39*L39)+(AB39*SIN(ACOS(L39))))*100/(AP39*K39*1000) -> 0 | AS39: =IF(G39="INCOMER",(IF(AR39<=2,"YES","NO")),IF(G39="POWER",(IF(AR39<=2.5,"YES","NO")),IF(G39="MOTOR",(IF(AR39<=3,"YES","NO"))))) -> YES | AT39: =IF(G39="MOTOR",(SQRT(3)*AH39*O39*((AA39*P39)+(AB39*SIN(ACOS(P39))))*100/(AP39*K39*1000)),"NA") -> 0 | AU39: =IF(G39="MOTOR",IF(AT39<=15,"YES","NO"),"NA") -> YES | AV39: =IF(U39="1C",CONCATENATE(AP39,"R x ",Y39,"kV x ",U39," x ",V39," Sqmm/Phase"),CONCATENATE(AP39,"R x ",0.6,"/1kV x ",U39," x ",V39," Sqmm")) -> 1R x 0.6/1kV x 3C x 4 Sqmm | AW39: =IF(U39="1C",CONCATENATE(AP39,"R x ",Y39,"kV x ",U39," x ",V39," Sqmm/Phase"),CONCATENATE(AP39,"R x ",0.6,"/1kV x ",U39," x ",V39,(IF(G39="MOTOR","+PE",""))," Sqmm")) -> 1R x 0.6/1kV x 3C x 4+PE Sqmm
A40: X | B40: - | C40: =$D$6 -> PMCC-1 | D40: ASU-PRECOOLING SYSTEM A | E40: AIR SEPARATION UNIT | F40: B | G40: MOTOR | H40: 78 | I40: kW | J40: 3Ph | K40: 400 | L40: 0.85 | M40: 0.957 | N40: =IF(I40="kVA",IF(J40="3Ph",(H40*1000/(1.732*M40*K40)),(H40*1000/(M40*K40))),IF(I40="kW",IF(J40="3Ph",(H40*1000/(1.732*M40*K40*L40)),(H40*1000/(M40*K40*L40))))) -> 138.4063 | O40: =IF(G40="MOTOR",(6*N40),IF(G40="VFD",(1*N40),0)) -> 830.4378 | P40: =IF(G40="MOTOR",0.2,"0.00") -> 0.2 | Q40: 65 | R40: 0 | S40: =(Q40*1000*SQRT(R40)/143) -> 0 | T40: AIR | U40: 3C | V40: 150 | W40: =CONCATENATE(U40," X ",V40) -> 3C X 150 | X40: =(IF(J40="1Ph",W40,IF(J40="3Ph",(IF(G40="MOTOR",(CONCATENATE(W40,"+PE")),W40))))) -> 3C X 150+PE | Y40: 0.6/1.0 | Z40: =IF(T40="AIR",VLOOKUP(W40,'Catalogue Aluminium'!$B$9:$G$91,2,FALSE),IF(T40="GROUND",VLOOKUP(W40,'Catalogue Aluminium'!$B$9:$G$91,3,FALSE),IF(T40="DUCT",VLOOKUP(W40,'Catalogue Aluminium'!$B$9:$G$91,4,FALSE),IF(T40="TRENCH",VLOOKUP(W40,'Catalogue Aluminium'!$B$9:$G$91,2,FALSE))))) -> 293 | AA40: =VLOOKUP(W40,'Catalogue Aluminium'!$B$9:$G$91,5,FALSE) -> 0.264 | AB40: =VLOOKUP(W40,'Catalogue Aluminium'!$B$9:$G$91,6,FALSE) -> 0.0732 | AC40: =22+11 -> 33 | AD40: =11+34+48+10+30 -> 133 | AE40: =11+11 -> 22 | AF40: 8 | AG40: =ROUNDUP((SUM(AC40:AF40)*0.1),0) -> 20 | AI40: =IF(T40="AIR",'Catalogue Aluminium'!$K$9,IF(T40="TRENCH",'Catalogue Aluminium'!$K$12,"NA")) -> 0.89 | AJ40: =IF(T40="Air",(IF(U40="1C",'Catalogue Aluminium'!$L$9,'Catalogue Aluminium'!$M$9)),IF(T40="DUCT",(IF($U40="1C",'Catalogue Aluminium'!$L$10,'Catalogue Aluminium'!$M$10)),IF(T40="GROUND",(IF($U40="1C",'Catalogue Aluminium'!$L$11,'Catalogue Aluminium'!$M$11)),IF(T40="TRENCH",(IF($U40="1C",'Catalogue Aluminium'!$L$12,'Catalogue Aluminium'!$M$12)))))) -> 0.66 | AK40: =IF(T40="Air",'Catalogue Aluminium'!$N$9,IF(T40="GROUND",'Catalogue Aluminium'!$N$10,IF(T40="DUCT",'Catalogue Aluminium'!$N$11,IF(T40="TRENCH",'Catalogue Aluminium'!$N$12,"NA")))) -> NA | AL40: =IF(T40="Air",(IF(U40="1C",'Catalogue Aluminium'!$O$9,'Catalogue Aluminium'!$P$9)),IF(T40="DUCT",(IF($U40="1C",'Catalogue Aluminium'!$O$10,'Catalogue Aluminium'!$P$10)),IF(T40="GROUND",(IF($U40="1C",'Catalogue Aluminium'!$O$11,'Catalogue Aluminium'!$P$11)),IF(T40="TRENCH",(IF($U40="1C",'Catalogue Aluminium'!$O$12,'Catalogue Aluminium'!$P$12)))))) -> NA | AM40: =IF(T40="AIR","NA",IF(T40="TRENCH","NA",IF(T40="DUCT",IF(U40="1C",VLOOKUP(V40,'Catalogue Aluminium'!$Q$9:$S$28,2,FALSE),VLOOKUP(V40,'Catalogue Aluminium'!$Q$9:$S$28,3)),IF(T40="GROUND",IF(U40="1C",VLOOKUP(V40,'Catalogue Aluminium'!$Q$9:$S$28,2,FALSE),VLOOKUP(V40,'Catalogue Aluminium'!$Q$9:$S$28,3)))))) -> NA | AN40: =IF(T40="AIR",AI40*AJ40,IF(T40="TRENCH",AI40*AJ40,IF(T40="DUCT",AJ40*AK40*AL40*AM40,IF(T40="GROUND",AJ40*AK40*AL40*AM40)))) -> 0.5874 | AO40: =Z40*AN40 -> 172.1082 | AP40: =CEILING(((N40)/AO40),1) -> 1 | AQ40: =IF(AO40*AP40>=N40,"YES","NO") -> YES | AR40: =SQRT(3)*AH40*N40*((AA40*L40)+(AB40*SIN(ACOS(L40))))*100/(AP40*K40*1000) -> 0 | AS40: =IF(G40="INCOMER",(IF(AR40<=2,"YES","NO")),IF(G40="POWER",(IF(AR40<=2.5,"YES","NO")),IF(G40="MOTOR",(IF(AR40<=3,"YES","NO"))))) -> YES | AT40: =IF(G40="MOTOR",(SQRT(3)*AH40*O40*((AA40*P40)+(AB40*SIN(ACOS(P40))))*100/(AP40*K40*1000)),"NA") -> 0 | AU40: =IF(G40="MOTOR",IF(AT40<=15,"YES","NO"),"NA") -> YES | AV40: =IF(U40="1C",CONCATENATE(AP40,"R x ",Y40,"kV x ",U40," x ",V40," Sqmm/Phase"),CONCATENATE(AP40,"R x ",0.6,"/1kV x ",U40," x ",V40," Sqmm")) -> 1R x 0.6/1kV x 3C x 150 Sqmm | AW40: =IF(U40="1C",CONCATENATE(AP40,"R x ",Y40,"kV x ",U40," x ",V40," Sqmm/Phase"),CONCATENATE(AP40,"R x ",0.6,"/1kV x ",U40," x ",V40,(IF(G40="MOTOR","+PE",""))," Sqmm")) -> 1R x 0.6/1kV x 3C x 150+PE Sqmm
A41: X | B41: - | C41: =$D$6 -> PMCC-1 | D41: ASU-PRECOOLING SYSTEM B | E41: AIR SEPARATION UNIT | F41: B | G41: MOTOR | H41: 78 | I41: kW | J41: 3Ph | K41: 400 | L41: 0.85 | M41: 0.957 | N41: =IF(I41="kVA",IF(J41="3Ph",(H41*1000/(1.732*M41*K41)),(H41*1000/(M41*K41))),IF(I41="kW",IF(J41="3Ph",(H41*1000/(1.732*M41*K41*L41)),(H41*1000/(M41*K41*L41))))) -> 138.4063 | O41: =IF(G41="MOTOR",(6*N41),IF(G41="VFD",(1*N41),0)) -> 830.4378 | P41: =IF(G41="MOTOR",0.2,"0.00") -> 0.2 | Q41: 65 | R41: 0 | S41: =(Q41*1000*SQRT(R41)/143) -> 0 | T41: AIR | U41: 3C | V41: 150 | W41: =CONCATENATE(U41," X ",V41) -> 3C X 150 | X41: =(IF(J41="1Ph",W41,IF(J41="3Ph",(IF(G41="MOTOR",(CONCATENATE(W41,"+PE")),W41))))) -> 3C X 150+PE | Y41: 0.6/1.0 | Z41: =IF(T41="AIR",VLOOKUP(W41,'Catalogue Aluminium'!$B$9:$G$91,2,FALSE),IF(T41="GROUND",VLOOKUP(W41,'Catalogue Aluminium'!$B$9:$G$91,3,FALSE),IF(T41="DUCT",VLOOKUP(W41,'Catalogue Aluminium'!$B$9:$G$91,4,FALSE),IF(T41="TRENCH",VLOOKUP(W41,'Catalogue Aluminium'!$B$9:$G$91,2,FALSE))))) -> 293 | AA41: =VLOOKUP(W41,'Catalogue Aluminium'!$B$9:$G$91,5,FALSE) -> 0.264 | AB41: =VLOOKUP(W41,'Catalogue Aluminium'!$B$9:$G$91,6,FALSE) -> 0.0732 | AC41: =22+11 -> 33 | AD41: =11+34+48+10+30 -> 133 | AE41: =11+11 -> 22 | AF41: 8 | AG41: =ROUNDUP((SUM(AC41:AF41)*0.1),0) -> 20 | AI41: =IF(T41="AIR",'Catalogue Aluminium'!$K$9,IF(T41="TRENCH",'Catalogue Aluminium'!$K$12,"NA")) -> 0.89 | AJ41: =IF(T41="Air",(IF(U41="1C",'Catalogue Aluminium'!$L$9,'Catalogue Aluminium'!$M$9)),IF(T41="DUCT",(IF($U41="1C",'Catalogue Aluminium'!$L$10,'Catalogue Aluminium'!$M$10)),IF(T41="GROUND",(IF($U41="1C",'Catalogue Aluminium'!$L$11,'Catalogue Aluminium'!$M$11)),IF(T41="TRENCH",(IF($U41="1C",'Catalogue Aluminium'!$L$12,'Catalogue Aluminium'!$M$12)))))) -> 0.66 | AK41: =IF(T41="Air",'Catalogue Aluminium'!$N$9,IF(T41="GROUND",'Catalogue Aluminium'!$N$10,IF(T41="DUCT",'Catalogue Aluminium'!$N$11,IF(T41="TRENCH",'Catalogue Aluminium'!$N$12,"NA")))) -> NA | AL41: =IF(T41="Air",(IF(U41="1C",'Catalogue Aluminium'!$O$9,'Catalogue Aluminium'!$P$9)),IF(T41="DUCT",(IF($U41="1C",'Catalogue Aluminium'!$O$10,'Catalogue Aluminium'!$P$10)),IF(T41="GROUND",(IF($U41="1C",'Catalogue Aluminium'!$O$11,'Catalogue Aluminium'!$P$11)),IF(T41="TRENCH",(IF($U41="1C",'Catalogue Aluminium'!$O$12,'Catalogue Aluminium'!$P$12)))))) -> NA | AM41: =IF(T41="AIR","NA",IF(T41="TRENCH","NA",IF(T41="DUCT",IF(U41="1C",VLOOKUP(V41,'Catalogue Aluminium'!$Q$9:$S$28,2,FALSE),VLOOKUP(V41,'Catalogue Aluminium'!$Q$9:$S$28,3)),IF(T41="GROUND",IF(U41="1C",VLOOKUP(V41,'Catalogue Aluminium'!$Q$9:$S$28,2,FALSE),VLOOKUP(V41,'Catalogue Aluminium'!$Q$9:$S$28,3)))))) -> NA | AN41: =IF(T41="AIR",AI41*AJ41,IF(T41="TRENCH",AI41*AJ41,IF(T41="DUCT",AJ41*AK41*AL41*AM41,IF(T41="GROUND",AJ41*AK41*AL41*AM41)))) -> 0.5874 | AO41: =Z41*AN41 -> 172.1082 | AP41: =CEILING(((N41)/AO41),1) -> 1 | AQ41: =IF(AO41*AP41>=N41,"YES","NO") -> YES | AR41: =SQRT(3)*AH41*N41*((AA41*L41)+(AB41*SIN(ACOS(L41))))*100/(AP41*K41*1000) -> 0 | AS41: =IF(G41="INCOMER",(IF(AR41<=2,"YES","NO")),IF(G41="POWER",(IF(AR41<=2.5,"YES","NO")),IF(G41="MOTOR",(IF(AR41<=3,"YES","NO"))))) -> YES | AT41: =IF(G41="MOTOR",(SQRT(3)*AH41*O41*((AA41*P41)+(AB41*SIN(ACOS(P41))))*100/(AP41*K41*1000)),"NA") -> 0 | AU41: =IF(G41="MOTOR",IF(AT41<=15,"YES","NO"),"NA") -> YES | AV41: =IF(U41="1C",CONCATENATE(AP41,"R x ",Y41,"kV x ",U41," x ",V41," Sqmm/Phase"),CONCATENATE(AP41,"R x ",0.6,"/1kV x ",U41," x ",V41," Sqmm")) -> 1R x 0.6/1kV x 3C x 150 Sqmm | AW41: =IF(U41="1C",CONCATENATE(AP41,"R x ",Y41,"kV x ",U41," x ",V41," Sqmm/Phase"),CONCATENATE(AP41,"R x ",0.6,"/1kV x ",U41," x ",V41,(IF(G41="MOTOR","+PE",""))," Sqmm")) -> 1R x 0.6/1kV x 3C x 150+PE Sqmm
A42: X | B42: - | C42: =$D$6 -> PMCC-1 | D42: EXPANDER ELECTRIC HEATER | E42: AIR SEPARATION UNIT | F42: B | G42: POWER | H42: 4 | I42: kW | J42: 3Ph | K42: 400 | L42: 0.85 | M42: 0.95 | N42: =IF(I42="kVA",IF(J42="3Ph",(H42*1000/(1.732*M42*K42)),(H42*1000/(M42*K42))),IF(I42="kW",IF(J42="3Ph",(H42*1000/(1.732*M42*K42*L42)),(H42*1000/(M42*K42*L42))))) -> 7.1500583 | O42: =IF(G42="MOTOR",(6*N42),IF(G42="VFD",(1*N42),0)) -> 0 | P42: =IF(G42="MOTOR",0.2,"0.00") -> 0.00 | Q42: 65 | R42: 0 | S42: =(Q42*1000*SQRT(R42)/143) -> 0 | T42: AIR | U42: 4C | V42: 16 | W42: =CONCATENATE(U42," X ",V42) -> 4C X 16 | X42: =(IF(J42="1Ph",W42,IF(J42="3Ph",(IF(G42="MOTOR",(CONCATENATE(W42,"+PE")),W42))))) -> 4C X 16 | Y42: 0.6/1.0 | Z42: =IF(T42="AIR",VLOOKUP(W42,'Catalogue Aluminium'!$B$9:$G$91,2,FALSE),IF(T42="GROUND",VLOOKUP(W42,'Catalogue Aluminium'!$B$9:$G$91,3,FALSE),IF(T42="DUCT",VLOOKUP(W42,'Catalogue Aluminium'!$B$9:$G$91,4,FALSE),IF(T42="TRENCH",VLOOKUP(W42,'Catalogue Aluminium'!$B$9:$G$91,2,FALSE))))) -> 70 | AA42: =VLOOKUP(W42,'Catalogue Aluminium'!$B$9:$G$91,5,FALSE) -> 2.44 | AB42: =VLOOKUP(W42,'Catalogue Aluminium'!$B$9:$G$91,6,FALSE) -> 0.0815 | AC42: =22+11 -> 33 | AD42: =11+34+48+10+30+25 -> 158 | AE42: =11+11 -> 22 | AF42: 8 | AG42: =ROUNDUP((SUM(AC42:AF42)*0.1),0) -> 23 | AI42: =IF(T42="AIR",'Catalogue Aluminium'!$K$9,IF(T42="TRENCH",'Catalogue Aluminium'!$K$12,"NA")) -> 0.89 | AJ42: =IF(T42="Air",(IF(U42="1C",'Catalogue Aluminium'!$L$9,'Catalogue Aluminium'!$M$9)),IF(T42="DUCT",(IF($U42="1C",'Catalogue Aluminium'!$L$10,'Catalogue Aluminium'!$M$10)),IF(T42="GROUND",(IF($U42="1C",'Catalogue Aluminium'!$L$11,'Catalogue Aluminium'!$M$11)),IF(T42="TRENCH",(IF($U42="1C",'Catalogue Aluminium'!$L$12,'Catalogue Aluminium'!$M$12)))))) -> 0.66 | AK42: =IF(T42="Air",'Catalogue Aluminium'!$N$9,IF(T42="GROUND",'Catalogue Aluminium'!$N$10,IF(T42="DUCT",'Catalogue Aluminium'!$N$11,IF(T42="TRENCH",'Catalogue Aluminium'!$N$12,"NA")))) -> NA | AL42: =IF(T42="Air",(IF(U42="1C",'Catalogue Aluminium'!$O$9,'Catalogue Aluminium'!$P$9)),IF(T42="DUCT",(IF($U42="1C",'Catalogue Aluminium'!$O$10,'Catalogue Aluminium'!$P$10)),IF(T42="GROUND",(IF($U42="1C",'Catalogue Aluminium'!$O$11,'Catalogue Aluminium'!$P$11)),IF(T42="TRENCH",(IF($U42="1C",'Catalogue Aluminium'!$O$12,'Catalogue Aluminium'!$P$12)))))) -> NA | AM42: =IF(T42="AIR","NA",IF(T42="TRENCH","NA",IF(T42="DUCT",IF(U42="1C",VLOOKUP(V42,'Catalogue Aluminium'!$Q$9:$S$28,2,FALSE),VLOOKUP(V42,'Catalogue Aluminium'!$Q$9:$S$28,3)),IF(T42="GROUND",IF(U42="1C",VLOOKUP(V42,'Catalogue Aluminium'!$Q$9:$S$28,2,FALSE),VLOOKUP(V42,'Catalogue Aluminium'!$Q$9:$S$28,3)))))) -> NA | AN42: =IF(T42="AIR",AI42*AJ42,IF(T42="TRENCH",AI42*AJ42,IF(T42="DUCT",AJ42*AK42*AL42*AM42,IF(T42="GROUND",AJ42*AK42*AL42*AM42)))) -> 0.5874 | AO42: =Z42*AN42 -> 41.118 | AP42: =CEILING(((N42)/AO42),1) -> 1 | AQ42: =IF(AO42*AP42>=N42,"YES","NO") -> YES | AR42: =SQRT(3)*AH42*N42*((AA42*L42)+(AB42*SIN(ACOS(L42))))*100/(AP42*K42*1000) -> 0 | AS42: =IF(G42="INCOMER",(IF(AR42<=2,"YES","NO")),IF(G42="POWER",(IF(AR42<=2.5,"YES","NO")),IF(G42="MOTOR",(IF(AR42<=3,"YES","NO"))))) -> YES | AT42: =IF(G42="MOTOR",(SQRT(3)*AH42*O42*((AA42*L42)+(AB42*SIN(ACOS(L42))))*100/(AP42*K42*1000)),"NA") -> NA | AU42: =IF(G42="MOTOR",IF(AT42<=15,"YES","NO"),"NA") -> NA | AV42: =IF(U42="1C",CONCATENATE(AP42,"R x ",Y42,"kV x ",U42," x ",V42," Sqmm/Phase"),CONCATENATE(AP42,"R x ",0.6,"/1kV x ",U42," x ",V42," Sqmm")) -> 1R x 0.6/1kV x 4C x 16 Sqmm | AW42: =IF(U42="1C",CONCATENATE(AP42,"R x ",Y42,"kV x ",U42," x ",V42," Sqmm/Phase"),CONCATENATE(AP42,"R x ",0.6,"/1kV x ",U42," x ",V42,(IF(G42="MOTOR","+PE",""))," Sqmm")) -> 1R x 0.6/1kV x 4C x 16 Sqmm
D43: STEAM TURBINE GENERATOR
A44: =1+A35 -> 26 | B44: - | C44: =$D$6 -> PMCC-1 | D44: STG 1401-JT/JC301 - FEEDER (SPARE) | E44: AMMONIA PLANT | F44: B | G44: POWER | H44: 86.54 | I44: kW | J44: 3Ph | K44: 400 | L44: 0.85 | M44: 0.95 | N44: =IF(I44="kVA",IF(J44="3Ph",(H44*1000/(1.732*M44*K44)),(H44*1000/(M44*K44))),IF(I44="kW",IF(J44="3Ph",(H44*1000/(1.732*M44*K44*L44)),(H44*1000/(M44*K44*L44))))) -> 154.69151 | O44: =IF(G44="MOTOR",(6*N44),IF(G44="VFD",(1*N44),0)) -> 0 | P44: =IF(G44="MOTOR",0.2,"0.00") -> 0.00 | Q44: 65 | R44: 0 | S44: =(Q44*1000*SQRT(R44)/143) -> 0 | T44: AIR | U44: 3.5C | V44: 300 | W44: =CONCATENATE(U44," X ",V44) -> 3.5C X 300 | X44: =(IF(J44="1Ph",W44,IF(J44="3Ph",(IF(G44="MOTOR",(CONCATENATE(W44,"+PE")),W44))))) -> 3.5C X 300 | Y44: 0.6/1.0 | Z44: =IF(T44="AIR",VLOOKUP(W44,'Catalogue Aluminium'!$B$9:$G$91,2,FALSE),IF(T44="GROUND",VLOOKUP(W44,'Catalogue Aluminium'!$B$9:$G$91,3,FALSE),IF(T44="DUCT",VLOOKUP(W44,'Catalogue Aluminium'!$B$9:$G$91,4,FALSE),IF(T44="TRENCH",VLOOKUP(W44,'Catalogue Aluminium'!$B$9:$G$91,2,FALSE))))) -> 459 | AA44: =VLOOKUP(W44,'Catalogue Aluminium'!$B$9:$G$91,5,FALSE) -> 0.128 | AB44: =VLOOKUP(W44,'Catalogue Aluminium'!$B$9:$G$91,6,FALSE) -> 0.0711 | AC44: =17+3 -> 20 | AD44: =40+50+38+50+17+(27+42+30+21+20) -> 335 | AE44: =11+8+8+11 -> 38 | AF44: 8 | AG44: =ROUNDUP((SUM(AC44:AF44)*0.1),0) -> 41 | AH44: =SUM(AC44:AG44) -> 442 | AI44: =IF(T44="AIR",'Catalogue Aluminium'!$K$9,IF(T44="TRENCH",'Catalogue Aluminium'!$K$12,"NA")) -> 0.89 | AJ44: =IF(T44="Air",(IF(U44="1C",'Catalogue Aluminium'!$L$9,'Catalogue Aluminium'!$M$9)),IF(T44="DUCT",(IF($U44="1C",'Catalogue Aluminium'!$L$10,'Catalogue Aluminium'!$M$10)),IF(T44="GROUND",(IF($U44="1C",'Catalogue Aluminium'!$L$11,'Catalogue Aluminium'!$M$11)),IF(T44="TRENCH",(IF($U44="1C",'Catalogue Aluminium'!$L$12,'Catalogue Aluminium'!$M$12)))))) -> 0.66 | AK44: =IF(T44="Air",'Catalogue Aluminium'!$N$9,IF(T44="GROUND",'Catalogue Aluminium'!$N$10,IF(T44="DUCT",'Catalogue Aluminium'!$N$11,IF(T44="TRENCH",'Catalogue Aluminium'!$N$12,"NA")))) -> NA | AL44: =IF(T44="Air",(IF(U44="1C",'Catalogue Aluminium'!$O$9,'Catalogue Aluminium'!$P$9)),IF(T44="DUCT",(IF($U44="1C",'Catalogue Aluminium'!$O$10,'Catalogue Aluminium'!$P$10)),IF(T44="GROUND",(IF($U44="1C",'Catalogue Aluminium'!$O$11,'Catalogue Aluminium'!$P$11)),IF(T44="TRENCH",(IF($U44="1C",'Catalogue Aluminium'!$O$12,'Catalogue Aluminium'!$P$12)))))) -> NA | AM44: =IF(T44="AIR","NA",IF(T44="TRENCH","NA",IF(T44="DUCT",IF(U44="1C",VLOOKUP(V44,'Catalogue Aluminium'!$Q$9:$S$28,2,FALSE),VLOOKUP(V44,'Catalogue Aluminium'!$Q$9:$S$28,3)),IF(T44="GROUND",IF(U44="1C",VLOOKUP(V44,'Catalogue Aluminium'!$Q$9:$S$28,2,FALSE),VLOOKUP(V44,'Catalogue Aluminium'!$Q$9:$S$28,3)))))) -> NA | AN44: =IF(T44="AIR",AI44*AJ44,IF(T44="TRENCH",AI44*AJ44,IF(T44="DUCT",AJ44*AK44*AL44*AM44,IF(T44="GROUND",AJ44*AK44*AL44*AM44)))) -> 0.5874 | AO44: =Z44*AN44 -> 269.6166 | AP44: 2 | AQ44: =IF(AO44*AP44>=N44,"YES","NO") -> YES | AR44: =SQRT(3)*AH44*N44*((AA44*L44)+(AB44*SIN(ACOS(L44))))*100/(AP44*K44*1000) -> 2.1650498 | AS44: =IF(G44="INCOMER",(IF(AR44<=2,"YES","NO")),IF(G44="POWER",(IF(AR44<=2.5,"YES","NO")),IF(G44="MOTOR",(IF(AR44<=3,"YES","NO"))))) -> YES | AT44: =IF(G44="MOTOR",(SQRT(3)*AH44*O44*((AA44*P44)+(AB44*SIN(ACOS(P44))))*100/(AP44*K44*1000)),"NA") -> NA | AU44: =IF(G44="MOTOR",IF(AT44<=15,"YES","NO"),"NA") -> NA | AV44: =IF(U44="1C",CONCATENATE(AP44,"R x ",Y44,"kV x ",U44," x ",V44," Sqmm/Phase"),CONCATENATE(AP44,"R x ",0.6,"/1kV x ",U44," x ",V44," Sqmm")) -> 2R x 0.6/1kV x 3.5C x 300 Sqmm | AW44: =IF(U44="1C",CONCATENATE(AP44,"R x ",Y44,"kV x ",U44," x ",V44," Sqmm/Phase"),CONCATENATE(AP44,"R x ",0.6,"/1kV x ",U44," x ",V44,(IF(G44="MOTOR","+PE",""))," Sqmm")) -> 2R x 0.6/1kV x 3.5C x 300 Sqmm | AX44: =(IF(K44=400,(IF(U44="1C",(4*AH44*AP44),(AH44*AP44))),IF(K44=230,(AH44*AP44)))) -> 884
A45: =1+A44 -> 27 | B45: - | C45: =$D$6 -> PMCC-1 | D45: STG 1401-JT/JC301 - FEEDER (SPARE) | E45: AMMONIA PLANT | F45: A | G45: POWER | H45: 86.54 | I45: kW | J45: 3Ph | K45: 400 | L45: 0.85 | M45: 0.95 | N45: =IF(I45="kVA",IF(J45="3Ph",(H45*1000/(1.732*M45*K45)),(H45*1000/(M45*K45))),IF(I45="kW",IF(J45="3Ph",(H45*1000/(1.732*M45*K45*L45)),(H45*1000/(M45*K45*L45))))) -> 154.69151 | O45: =IF(G45="MOTOR",(6*N45),IF(G45="VFD",(1*N45),0)) -> 0 | P45: =IF(G45="MOTOR",0.2,"0.00") -> 0.00 | Q45: 65 | R45: 0 | S45: =(Q45*1000*SQRT(R45)/143) -> 0 | T45: AIR | U45: 3.5C | V45: 300 | W45: =CONCATENATE(U45," X ",V45) -> 3.5C X 300 | X45: =(IF(J45="1Ph",W45,IF(J45="3Ph",(IF(G45="MOTOR",(CONCATENATE(W45,"+PE")),W45))))) -> 3.5C X 300 | Y45: 0.6/1.0 | Z45: =IF(T45="AIR",VLOOKUP(W45,'Catalogue Aluminium'!$B$9:$G$91,2,FALSE),IF(T45="GROUND",VLOOKUP(W45,'Catalogue Aluminium'!$B$9:$G$91,3,FALSE),IF(T45="DUCT",VLOOKUP(W45,'Catalogue Aluminium'!$B$9:$G$91,4,FALSE),IF(T45="TRENCH",VLOOKUP(W45,'Catalogue Aluminium'!$B$9:$G$91,2,FALSE))))) -> 459 | AA45: =VLOOKUP(W45,'Catalogue Aluminium'!$B$9:$G$91,5,FALSE) -> 0.128 | AB45: =VLOOKUP(W45,'Catalogue Aluminium'!$B$9:$G$91,6,FALSE) -> 0.0711 | AC45: =26+3 -> 29 | AD45: =40+50+38+50+17+(27+42+30+21+20) -> 335 | AE45: =11+8+8+11 -> 38 | AF45: 8 | AG45: =ROUNDUP((SUM(AC45:AF45)*0.1),0) -> 41 | AH45: =SUM(AC45:AG45) -> 451 | AI45: =IF(T45="AIR",'Catalogue Aluminium'!$K$9,IF(T45="TRENCH",'Catalogue Aluminium'!$K$12,"NA")) -> 0.89 | AJ45: =IF(T45="Air",(IF(U45="1C",'Catalogue Aluminium'!$L$9,'Catalogue Aluminium'!$M$9)),IF(T45="DUCT",(IF($U45="1C",'Catalogue Aluminium'!$L$10,'Catalogue Aluminium'!$M$10)),IF(T45="GROUND",(IF($U45="1C",'Catalogue Aluminium'!$L$11,'Catalogue Aluminium'!$M$11)),IF(T45="TRENCH",(IF($U45="1C",'Catalogue Aluminium'!$L$12,'Catalogue Aluminium'!$M$12)))))) -> 0.66 | AK45: =IF(T45="Air",'Catalogue Aluminium'!$N$9,IF(T45="GROUND",'Catalogue Aluminium'!$N$10,IF(T45="DUCT",'Catalogue Aluminium'!$N$11,IF(T45="TRENCH",'Catalogue Aluminium'!$N$12,"NA")))) -> NA | AL45: =IF(T45="Air",(IF(U45="1C",'Catalogue Aluminium'!$O$9,'Catalogue Aluminium'!$P$9)),IF(T45="DUCT",(IF($U45="1C",'Catalogue Aluminium'!$O$10,'Catalogue Aluminium'!$P$10)),IF(T45="GROUND",(IF($U45="1C",'Catalogue Aluminium'!$O$11,'Catalogue Aluminium'!$P$11)),IF(T45="TRENCH",(IF($U45="1C",'Catalogue Aluminium'!$O$12,'Catalogue Aluminium'!$P$12)))))) -> NA | AM45: =IF(T45="AIR","NA",IF(T45="TRENCH","NA",IF(T45="DUCT",IF(U45="1C",VLOOKUP(V45,'Catalogue Aluminium'!$Q$9:$S$28,2,FALSE),VLOOKUP(V45,'Catalogue Aluminium'!$Q$9:$S$28,3)),IF(T45="GROUND",IF(U45="1C",VLOOKUP(V45,'Catalogue Aluminium'!$Q$9:$S$28,2,FALSE),VLOOKUP(V45,'Catalogue Aluminium'!$Q$9:$S$28,3)))))) -> NA | AN45: =IF(T45="AIR",AI45*AJ45,IF(T45="TRENCH",AI45*AJ45,IF(T45="DUCT",AJ45*AK45*AL45*AM45,IF(T45="GROUND",AJ45*AK45*AL45*AM45)))) -> 0.5874 | AO45: =Z45*AN45 -> 269.6166 | AP45: 2 | AQ45: =IF(AO45*AP45>=N45,"YES","NO") -> YES | AR45: =SQRT(3)*AH45*N45*((AA45*L45)+(AB45*SIN(ACOS(L45))))*100/(AP45*K45*1000) -> 2.2091345 | AS45: =IF(G45="INCOMER",(IF(AR45<=2,"YES","NO")),IF(G45="POWER",(IF(AR45<=2.5,"YES","NO")),IF(G45="MOTOR",(IF(AR45<=3,"YES","NO"))))) -> YES | AT45: =IF(G45="MOTOR",(SQRT(3)*AH45*O45*((AA45*P45)+(AB45*SIN(ACOS(P45))))*100/(AP45*K45*1000)),"NA") -> NA | AU45: =IF(G45="MOTOR",IF(AT45<=15,"YES","NO"),"NA") -> NA | AV45: =IF(U45="1C",CONCATENATE(AP45,"R x ",Y45,"kV x ",U45," x ",V45," Sqmm/Phase"),CONCATENATE(AP45,"R x ",0.6,"/1kV x ",U45," x ",V45," Sqmm")) -> 2R x 0.6/1kV x 3.5C x 300 Sqmm | AW45: =IF(U45="1C",CONCATENATE(AP45,"R x ",Y45,"kV x ",U45," x ",V45," Sqmm/Phase"),CONCATENATE(AP45,"R x ",0.6,"/1kV x ",U45," x ",V45,(IF(G45="MOTOR","+PE",""))," Sqmm")) -> 2R x 0.6/1kV x 3.5C x 300 Sqmm | AX45: =(IF(K45=400,(IF(U45="1C",(4*AH45*AP45),(AH45*AP45))),IF(K45=230,(AH45*AP45)))) -> 902
A46: =1+A45 -> 28 | B46: 1401-P-1601 | C46: PMCC-1 | D46: Lubricating oil pump 1 | E46: AMMONIA PLANT | F46: A | G46: MOTOR | H46: 22 | I46: kW | J46: 3Ph | K46: 400 | L46: 0.85 | M46: 0.95 | N46: =IF(I46="kVA",IF(J46="3Ph",(H46*1000/(1.732*M46*K46)),(H46*1000/(M46*K46))),IF(I46="kW",IF(J46="3Ph",(H46*1000/(1.732*M46*K46*L46)),(H46*1000/(M46*K46*L46))))) -> 39.325321 | O46: =IF(G46="MOTOR",(6*N46),IF(G46="VFD",(1*N46),0)) -> 235.95192 | P46: =IF(G46="MOTOR",0.2,"0.00") -> 0.2 | Q46: 65 | R46: 0 | S46: =(Q46*1000*SQRT(R46)/143) -> 0 | T46: AIR | U46: 3C | V46: 95 | W46: =CONCATENATE(U46," X ",V46) -> 3C X 95 | X46: =(IF(J46="1Ph",W46,IF(J46="3Ph",(IF(G46="MOTOR",(CONCATENATE(W46,"+PE")),W46))))) -> 3C X 95+PE | Y46: 0.6/1.0 | Z46: =IF(T46="AIR",VLOOKUP(W46,'Catalogue Aluminium'!$B$9:$G$91,2,FALSE),IF(T46="GROUND",VLOOKUP(W46,'Catalogue Aluminium'!$B$9:$G$91,3,FALSE),IF(T46="DUCT",VLOOKUP(W46,'Catalogue Aluminium'!$B$9:$G$91,4,FALSE),IF(T46="TRENCH",VLOOKUP(W46,'Catalogue Aluminium'!$B$9:$G$91,2,FALSE))))) -> 221 | AA46: =VLOOKUP(W46,'Catalogue Aluminium'!$B$9:$G$91,5,FALSE) -> 0.41 | AB46: =VLOOKUP(W46,'Catalogue Aluminium'!$B$9:$G$91,6,FALSE) -> 0.0734 | AC46: =25+3 -> 28 | AD46: =40+50+38+50+17+(27+42+30+21+20) -> 335 | AE46: =11+8+8+11 -> 38 | AF46: 8 | AG46: =ROUNDUP((SUM(AC46:AF46)*0.1),0) -> 41 | AH46: =SUM(AC46:AG46) -> 450 | AI46: =IF(T46="AIR",'Catalogue Aluminium'!$K$9,IF(T46="TRENCH",'Catalogue Aluminium'!$K$12,"NA")) -> 0.89 | AJ46: =IF(T46="Air",(IF(U46="1C",'Catalogue Aluminium'!$L$9,'Catalogue Aluminium'!$M$9)),IF(T46="DUCT",(IF($U46="1C",'Catalogue Aluminium'!$L$10,'Catalogue Aluminium'!$M$10)),IF(T46="GROUND",(IF($U46="1C",'Catalogue Aluminium'!$L$11,'Catalogue Aluminium'!$M$11)),IF(T46="TRENCH",(IF($U46="1C",'Catalogue Aluminium'!$L$12,'Catalogue Aluminium'!$M$12)))))) -> 0.66 | AK46: =IF(T46="Air",'Catalogue Aluminium'!$N$9,IF(T46="GROUND",'Catalogue Aluminium'!$N$10,IF(T46="DUCT",'Catalogue Aluminium'!$N$11,IF(T46="TRENCH",'Catalogue Aluminium'!$N$12,"NA")))) -> NA | AL46: =IF(T46="Air",(IF(U46="1C",'Catalogue Aluminium'!$O$9,'Catalogue Aluminium'!$P$9)),IF(T46="DUCT",(IF($U46="1C",'Catalogue Aluminium'!$O$10,'Catalogue Aluminium'!$P$10)),IF(T46="GROUND",(IF($U46="1C",'Catalogue Aluminium'!$O$11,'Catalogue Aluminium'!$P$11)),IF(T46="TRENCH",(IF($U46="1C",'Catalogue Aluminium'!$O$12,'Catalogue Aluminium'!$P$12)))))) -> NA | AM46: =IF(T46="AIR","NA",IF(T46="TRENCH","NA",IF(T46="DUCT",IF(U46="1C",VLOOKUP(V46,'Catalogue Aluminium'!$Q$9:$S$28,2,FALSE),VLOOKUP(V46,'Catalogue Aluminium'!$Q$9:$S$28,3)),IF(T46="GROUND",IF(U46="1C",VLOOKUP(V46,'Catalogue Aluminium'!$Q$9:$S$28,2,FALSE),VLOOKUP(V46,'Catalogue Aluminium'!$Q$9:$S$28,3)))))) -> NA | AN46: =IF(T46="AIR",AI46*AJ46,IF(T46="TRENCH",AI46*AJ46,IF(T46="DUCT",AJ46*AK46*AL46*AM46,IF(T46="GROUND",AJ46*AK46*AL46*AM46)))) -> 0.5874 | AO46: =Z46*AN46 -> 129.8154 | AP46: 2 | AQ46: =IF(AO46*AP46>=N46,"YES","NO") -> YES | AR46: =SQRT(3)*AH46*N46*((AA46*L46)+(AB46*SIN(ACOS(L46))))*100/(AP46*K46*1000) -> 1.4833802 | AS46: =IF(G46="INCOMER",(IF(AR46<=2,"YES","NO")),IF(G46="POWER",(IF(AR46<=2.5,"YES","NO")),IF(G46="MOTOR",(IF(AR46<=3,"YES","NO"))))) -> YES | AT46: =IF(G46="MOTOR",(SQRT(3)*AH46*O46*((AA46*P46)+(AB46*SIN(ACOS(P46))))*100/(AP46*K46*1000)),"NA") -> 3.5382891 | AU46: =IF(G46="MOTOR",IF(AT46<=15,"YES","NO"),"NA") -> YES | AV46: =IF(U46="1C",CONCATENATE(AP46,"R x ",Y46,"kV x ",U46," x ",V46," Sqmm/Phase"),CONCATENATE(AP46,"R x ",0.6,"/1kV x ",U46," x ",V46," Sqmm")) -> 2R x 0.6/1kV x 3C x 95 Sqmm | AW46: =IF(U46="1C",CONCATENATE(AP46,"R x ",Y46,"kV x ",U46," x ",V46," Sqmm/Phase"),CONCATENATE(AP46,"R x ",0.6,"/1kV x ",U46," x ",V46,(IF(G46="MOTOR","+PE",""))," Sqmm")) -> 2R x 0.6/1kV x 3C x 95+PE Sqmm | AX46: =(IF(K46=400,(IF(U46="1C",(4*AH46*AP46),(AH46*AP46))),IF(K46=230,(AH46*AP46)))) -> 900
A47: =1+A46 -> 29 | B47: - | C47: PMCC-1 | D47: Lubricating oil pump 1-Space Heater | E47: AMMONIA PLANT | F47: A | G47: POWER | H47: 0.06 | I47: kW | J47: 1Ph | K47: 230 | L47: 0.85 | M47: 0.95 | N47: =IF(I47="kVA",IF(J47="3Ph",(H47*1000/(1.732*M47*K47)),(H47*1000/(M47*K47))),IF(I47="kW",IF(J47="3Ph",(H47*1000/(1.732*M47*K47*L47)),(H47*1000/(M47*K47*L47))))) -> 0.32305829 | O47: =IF(G47="MOTOR",(6*N47),IF(G47="VFD",(1*N47),0)) -> 0 | P47: =IF(G47="MOTOR",0.2,"0.00") -> 0.00 | Q47: 65 | R47: 0 | S47: =(Q47*1000*SQRT(R47)/143) -> 0 | T47: AIR | U47: 3C | V47: 2.5 | W47: =CONCATENATE(U47," X ",V47) -> 3C X 2.5 | X47: =(IF(J47="1Ph",W47,IF(J47="3Ph",(IF(G47="MOTOR",(CONCATENATE(W47,"+PE")),W47))))) -> 3C X 2.5 | Y47: 0.6/1.0 | Z47: =IF(T47="AIR",VLOOKUP(W47,'Catalogue Aluminium'!$B$9:$G$91,2,FALSE),IF(T47="GROUND",VLOOKUP(W47,'Catalogue Aluminium'!$B$9:$G$91,3,FALSE),IF(T47="DUCT",VLOOKUP(W47,'Catalogue Aluminium'!$B$9:$G$91,4,FALSE),IF(T47="TRENCH",VLOOKUP(W47,'Catalogue Aluminium'!$B$9:$G$91,2,FALSE))))) -> 28 | AA47: =VLOOKUP(W47,'Catalogue Aluminium'!$B$9:$G$91,5,FALSE) -> 9.48 | AB47: =VLOOKUP(W47,'Catalogue Aluminium'!$B$9:$G$91,6,FALSE) -> 0.1007 | AC47: =25+3 -> 28 | AD47: =40+50+38+50+17+(27+42+30+21+20) -> 335 | AE47: =11+8+8+11 -> 38 | AF47: 8 | AG47: =ROUNDUP((SUM(AC47:AF47)*0.1),0) -> 41 | AH47: =SUM(AC47:AG47) -> 450 | AI47: =IF(T47="AIR",'Catalogue Aluminium'!$K$9,IF(T47="TRENCH",'Catalogue Aluminium'!$K$12,"NA")) -> 0.89 | AJ47: =IF(T47="Air",(IF(U47="1C",'Catalogue Aluminium'!$L$9,'Catalogue Aluminium'!$M$9)),IF(T47="DUCT",(IF($U47="1C",'Catalogue Aluminium'!$L$10,'Catalogue Aluminium'!$M$10)),IF(T47="GROUND",(IF($U47="1C",'Catalogue Aluminium'!$L$11,'Catalogue Aluminium'!$M$11)),IF(T47="TRENCH",(IF($U47="1C",'Catalogue Aluminium'!$L$12,'Catalogue Aluminium'!$M$12)))))) -> 0.66 | AK47: =IF(T47="Air",'Catalogue Aluminium'!$N$9,IF(T47="GROUND",'Catalogue Aluminium'!$N$10,IF(T47="DUCT",'Catalogue Aluminium'!$N$11,IF(T47="TRENCH",'Catalogue Aluminium'!$N$12,"NA")))) -> NA | AL47: =IF(T47="Air",(IF(U47="1C",'Catalogue Aluminium'!$O$9,'Catalogue Aluminium'!$P$9)),IF(T47="DUCT",(IF($U47="1C",'Catalogue Aluminium'!$O$10,'Catalogue Aluminium'!$P$10)),IF(T47="GROUND",(IF($U47="1C",'Catalogue Aluminium'!$O$11,'Catalogue Aluminium'!$P$11)),IF(T47="TRENCH",(IF($U47="1C",'Catalogue Aluminium'!$O$12,'Catalogue Aluminium'!$P$12)))))) -> NA | AM47: =IF(T47="AIR","NA",IF(T47="TRENCH","NA",IF(T47="DUCT",IF(U47="1C",VLOOKUP(V47,'Catalogue Aluminium'!$Q$9:$S$28,2,FALSE),VLOOKUP(V47,'Catalogue Aluminium'!$Q$9:$S$28,3)),IF(T47="GROUND",IF(U47="1C",VLOOKUP(V47,'Catalogue Aluminium'!$Q$9:$S$28,2,FALSE),VLOOKUP(V47,'Catalogue Aluminium'!$Q$9:$S$28,3)))))) -> NA | AN47: =IF(T47="AIR",AI47*AJ47,IF(T47="TRENCH",AI47*AJ47,IF(T47="DUCT",AJ47*AK47*AL47*AM47,IF(T47="GROUND",AJ47*AK47*AL47*AM47)))) -> 0.5874 | AO47: =Z47*AN47 -> 16.4472 | AP47: 1 | AQ47: =IF(AO47*AP47>=N47,"YES","NO") -> YES | AR47: =SQRT(3)*AH47*N47*((AA47*L47)+(AB47*SIN(ACOS(L47))))*100/(AP47*K47*1000) -> 0.88797984 | AS47: =IF(G47="INCOMER",(IF(AR47<=2,"YES","NO")),IF(G47="POWER",(IF(AR47<=2.5,"YES","NO")),IF(G47="MOTOR",(IF(AR47<=3,"YES","NO"))))) -> YES | AT47: =IF(G47="MOTOR",(SQRT(3)*AH47*O47*((AA47*P47)+(AB47*SIN(ACOS(P47))))*100/(AP47*K47*1000)),"NA") -> NA | AU47: =IF(G47="MOTOR",IF(AT47<=15,"YES","NO"),"NA") -> NA | AV47: =IF(U47="1C",CONCATENATE(AP47,"R x ",Y47,"kV x ",U47," x ",V47," Sqmm/Phase"),CONCATENATE(AP47,"R x ",0.6,"/1kV x ",U47," x ",V47," Sqmm")) -> 1R x 0.6/1kV x 3C x 2.5 Sqmm | AW47: =IF(U47="1C",CONCATENATE(AP47,"R x ",Y47,"kV x ",U47," x ",V47," Sqmm/Phase"),CONCATENATE(AP47,"R x ",0.6,"/1kV x ",U47," x ",V47,(IF(G47="MOTOR","+PE",""))," Sqmm")) -> 1R x 0.6/1kV x 3C x 2.5 Sqmm | AX47: =(IF(K47=400,(IF(U47="1C",(4*AH47*AP47),(AH47*AP47))),IF(K47=230,(AH47*AP47)))) -> 450
A48: =1+A46 -> 29 | B48: 1401-P-1602 | C48: PMCC-1 | D48: Lubricating oil pump 2 | E48: AMMONIA PLANT | F48: B | G48: MOTOR | H48: 22 | I48: kW | J48: 3Ph | K48: 400 | L48: 0.85 | M48: 0.95 | N48: =IF(I48="kVA",IF(J48="3Ph",(H48*1000/(1.732*M48*K48)),(H48*1000/(M48*K48))),IF(I48="kW",IF(J48="3Ph",(H48*1000/(1.732*M48*K48*L48)),(H48*1000/(M48*K48*L48))))) -> 39.325321 | O48: =IF(G48="MOTOR",(6*N48),IF(G48="VFD",(1*N48),0)) -> 235.95192 | P48: =IF(G48="MOTOR",0.2,"0.00") -> 0.2 | Q48: 65 | R48: 0 | S48: =(Q48*1000*SQRT(R48)/143) -> 0 | T48: AIR | U48: 3C | V48: 95 | W48: =CONCATENATE(U48," X ",V48) -> 3C X 95 | X48: =(IF(J48="1Ph",W48,IF(J48="3Ph",(IF(G48="MOTOR",(CONCATENATE(W48,"+PE")),W48))))) -> 3C X 95+PE | Y48: 0.6/1.0 | Z48: =IF(T48="AIR",VLOOKUP(W48,'Catalogue Aluminium'!$B$9:$G$91,2,FALSE),IF(T48="GROUND",VLOOKUP(W48,'Catalogue Aluminium'!$B$9:$G$91,3,FALSE),IF(T48="DUCT",VLOOKUP(W48,'Catalogue Aluminium'!$B$9:$G$91,4,FALSE),IF(T48="TRENCH",VLOOKUP(W48,'Catalogue Aluminium'!$B$9:$G$91,2,FALSE))))) -> 221 | AA48: =VLOOKUP(W48,'Catalogue Aluminium'!$B$9:$G$91,5,FALSE) -> 0.41 | AB48: =VLOOKUP(W48,'Catalogue Aluminium'!$B$9:$G$91,6,FALSE) -> 0.0734 | AC48: =17+3 -> 20 | AD48: =40+50+38+50+17+(27+42+30+21+20) -> 335 | AE48: =11+8+8+11 -> 38 | AF48: 8 | AG48: =ROUNDUP((SUM(AC48:AF48)*0.1),0) -> 41 | AH48: =SUM(AC48:AG48) -> 442 | AI48: =IF(T48="AIR",'Catalogue Aluminium'!$K$9,IF(T48="TRENCH",'Catalogue Aluminium'!$K$12,"NA")) -> 0.89 | AJ48: =IF(T48="Air",(IF(U48="1C",'Catalogue Aluminium'!$L$9,'Catalogue Aluminium'!$M$9)),IF(T48="DUCT",(IF($U48="1C",'Catalogue Aluminium'!$L$10,'Catalogue Aluminium'!$M$10)),IF(T48="GROUND",(IF($U48="1C",'Catalogue Aluminium'!$L$11,'Catalogue Aluminium'!$M$11)),IF(T48="TRENCH",(IF($U48="1C",'Catalogue Aluminium'!$L$12,'Catalogue Aluminium'!$M$12)))))) -> 0.66 | AK48: =IF(T48="Air",'Catalogue Aluminium'!$N$9,IF(T48="GROUND",'Catalogue Aluminium'!$N$10,IF(T48="DUCT",'Catalogue Aluminium'!$N$11,IF(T48="TRENCH",'Catalogue Aluminium'!$N$12,"NA")))) -> NA | AL48: =IF(T48="Air",(IF(U48="1C",'Catalogue Aluminium'!$O$9,'Catalogue Aluminium'!$P$9)),IF(T48="DUCT",(IF($U48="1C",'Catalogue Aluminium'!$O$10,'Catalogue Aluminium'!$P$10)),IF(T48="GROUND",(IF($U48="1C",'Catalogue Aluminium'!$O$11,'Catalogue Aluminium'!$P$11)),IF(T48="TRENCH",(IF($U48="1C",'Catalogue Aluminium'!$O$12,'Catalogue Aluminium'!$P$12)))))) -> NA | AM48: =IF(T48="AIR","NA",IF(T48="TRENCH","NA",IF(T48="DUCT",IF(U48="1C",VLOOKUP(V48,'Catalogue Aluminium'!$Q$9:$S$28,2,FALSE),VLOOKUP(V48,'Catalogue Aluminium'!$Q$9:$S$28,3)),IF(T48="GROUND",IF(U48="1C",VLOOKUP(V48,'Catalogue Aluminium'!$Q$9:$S$28,2,FALSE),VLOOKUP(V48,'Catalogue Aluminium'!$Q$9:$S$28,3)))))) -> NA | AN48: =IF(T48="AIR",AI48*AJ48,IF(T48="TRENCH",AI48*AJ48,IF(T48="DUCT",AJ48*AK48*AL48*AM48,IF(T48="GROUND",AJ48*AK48*AL48*AM48)))) -> 0.5874 | AO48: =Z48*AN48 -> 129.8154 | AP48: 2 | AQ48: =IF(AO48*AP48>=N48,"YES","NO") -> YES | AR48: =SQRT(3)*AH48*N48*((AA48*L48)+(AB48*SIN(ACOS(L48))))*100/(AP48*K48*1000) -> 1.457009 | AS48: =IF(G48="INCOMER",(IF(AR48<=2,"YES","NO")),IF(G48="POWER",(IF(AR48<=2.5,"YES","NO")),IF(G48="MOTOR",(IF(AR48<=3,"YES","NO"))))) -> YES | AT48: =IF(G48="MOTOR",(SQRT(3)*AH48*O48*((AA48*P48)+(AB48*SIN(ACOS(P48))))*100/(AP48*K48*1000)),"NA") -> 3.4753862 | AU48: =IF(G48="MOTOR",IF(AT48<=15,"YES","NO"),"NA") -> YES | AV48: =IF(U48="1C",CONCATENATE(AP48,"R x ",Y48,"kV x ",U48," x ",V48," Sqmm/Phase"),CONCATENATE(AP48,"R x ",0.6,"/1kV x ",U48," x ",V48," Sqmm")) -> 2R x 0.6/1kV x 3C x 95 Sqmm | AW48: =IF(U48="1C",CONCATENATE(AP48,"R x ",Y48,"kV x ",U48," x ",V48," Sqmm/Phase"),CONCATENATE(AP48,"R x ",0.6,"/1kV x ",U48," x ",V48,(IF(G48="MOTOR","+PE",""))," Sqmm")) -> 2R x 0.6/1kV x 3C x 95+PE Sqmm | AX48: =(IF(K48=400,(IF(U48="1C",(4*AH48*AP48),(AH48*AP48))),IF(K48=230,(AH48*AP48)))) -> 884
A49: =1+A47 -> 30 | B49: - | C49: PMCC-1 | D49: Lubricating oil pump 2-Space Heater | E49: AMMONIA PLANT | F49: B | G49: POWER | H49: 0.06 | I49: kW | J49: 1Ph | K49: 230 | L49: 0.85 | M49: 0.95 | N49: =IF(I49="kVA",IF(J49="3Ph",(H49*1000/(1.732*M49*K49)),(H49*1000/(M49*K49))),IF(I49="kW",IF(J49="3Ph",(H49*1000/(1.732*M49*K49*L49)),(H49*1000/(M49*K49*L49))))) -> 0.32305829 | O49: =IF(G49="MOTOR",(6*N49),IF(G49="VFD",(1*N49),0)) -> 0 | P49: =IF(G49="MOTOR",0.2,"0.00") -> 0.00 | Q49: 65 | R49: 0 | S49: =(Q49*1000*SQRT(R49)/143) -> 0 | T49: AIR | U49: 3C | V49: 2.5 | W49: =CONCATENATE(U49," X ",V49) -> 3C X 2.5 | X49: =(IF(J49="1Ph",W49,IF(J49="3Ph",(IF(G49="MOTOR",(CONCATENATE(W49,"+PE")),W49))))) -> 3C X 2.5 | Y49: 0.6/1.0 | Z49: =IF(T49="AIR",VLOOKUP(W49,'Catalogue Aluminium'!$B$9:$G$91,2,FALSE),IF(T49="GROUND",VLOOKUP(W49,'Catalogue Aluminium'!$B$9:$G$91,3,FALSE),IF(T49="DUCT",VLOOKUP(W49,'Catalogue Aluminium'!$B$9:$G$91,4,FALSE),IF(T49="TRENCH",VLOOKUP(W49,'Catalogue Aluminium'!$B$9:$G$91,2,FALSE))))) -> 28 | AA49: =VLOOKUP(W49,'Catalogue Aluminium'!$B$9:$G$91,5,FALSE) -> 9.48 | AB49: =VLOOKUP(W49,'Catalogue Aluminium'!$B$9:$G$91,6,FALSE) -> 0.1007 | AC49: =17+3 -> 20 | AD49: =40+50+38+50+17+(27+42+30+21+20) -> 335 | AE49: =11+8+8+11 -> 38 | AF49: 8 | AG49: =ROUNDUP((SUM(AC49:AF49)*0.1),0) -> 41 | AH49: =SUM(AC49:AG49) -> 442 | AI49: =IF(T49="AIR",'Catalogue Aluminium'!$K$9,IF(T49="TRENCH",'Catalogue Aluminium'!$K$12,"NA")) -> 0.89 | AJ49: =IF(T49="Air",(IF(U49="1C",'Catalogue Aluminium'!$L$9,'Catalogue Aluminium'!$M$9)),IF(T49="DUCT",(IF($U49="1C",'Catalogue Aluminium'!$L$10,'Catalogue Aluminium'!$M$10)),IF(T49="GROUND",(IF($U49="1C",'Catalogue Aluminium'!$L$11,'Catalogue Aluminium'!$M$11)),IF(T49="TRENCH",(IF($U49="1C",'Catalogue Aluminium'!$L$12,'Catalogue Aluminium'!$M$12)))))) -> 0.66 | AK49: =IF(T49="Air",'Catalogue Aluminium'!$N$9,IF(T49="GROUND",'Catalogue Aluminium'!$N$10,IF(T49="DUCT",'Catalogue Aluminium'!$N$11,IF(T49="TRENCH",'Catalogue Aluminium'!$N$12,"NA")))) -> NA | AL49: =IF(T49="Air",(IF(U49="1C",'Catalogue Aluminium'!$O$9,'Catalogue Aluminium'!$P$9)),IF(T49="DUCT",(IF($U49="1C",'Catalogue Aluminium'!$O$10,'Catalogue Aluminium'!$P$10)),IF(T49="GROUND",(IF($U49="1C",'Catalogue Aluminium'!$O$11,'Catalogue Aluminium'!$P$11)),IF(T49="TRENCH",(IF($U49="1C",'Catalogue Aluminium'!$O$12,'Catalogue Aluminium'!$P$12)))))) -> NA | AM49: =IF(T49="AIR","NA",IF(T49="TRENCH","NA",IF(T49="DUCT",IF(U49="1C",VLOOKUP(V49,'Catalogue Aluminium'!$Q$9:$S$28,2,FALSE),VLOOKUP(V49,'Catalogue Aluminium'!$Q$9:$S$28,3)),IF(T49="GROUND",IF(U49="1C",VLOOKUP(V49,'Catalogue Aluminium'!$Q$9:$S$28,2,FALSE),VLOOKUP(V49,'Catalogue Aluminium'!$Q$9:$S$28,3)))))) -> NA | AN49: =IF(T49="AIR",AI49*AJ49,IF(T49="TRENCH",AI49*AJ49,IF(T49="DUCT",AJ49*AK49*AL49*AM49,IF(T49="GROUND",AJ49*AK49*AL49*AM49)))) -> 0.5874 | AO49: =Z49*AN49 -> 16.4472 | AP49: 1 | AQ49: =IF(AO49*AP49>=N49,"YES","NO") -> YES | AR49: =SQRT(3)*AH49*N49*((AA49*L49)+(AB49*SIN(ACOS(L49))))*100/(AP49*K49*1000) -> 0.87219353 | AS49: =IF(G49="INCOMER",(IF(AR49<=2,"YES","NO")),IF(G49="POWER",(IF(AR49<=2.5,"YES","NO")),IF(G49="MOTOR",(IF(AR49<=3,"YES","NO"))))) -> YES | AT49: =IF(G49="MOTOR",(SQRT(3)*AH49*O49*((AA49*P49)+(AB49*SIN(ACOS(P49))))*100/(AP49*K49*1000)),"NA") -> NA | AU49: =IF(G49="MOTOR",IF(AT49<=15,"YES","NO"),"NA") -> NA | AV49: =IF(U49="1C",CONCATENATE(AP49,"R x ",Y49,"kV x ",U49," x ",V49," Sqmm/Phase"),CONCATENATE(AP49,"R x ",0.6,"/1kV x ",U49," x ",V49," Sqmm")) -> 1R x 0.6/1kV x 3C x 2.5 Sqmm | AW49: =IF(U49="1C",CONCATENATE(AP49,"R x ",Y49,"kV x ",U49," x ",V49," Sqmm/Phase"),CONCATENATE(AP49,"R x ",0.6,"/1kV x ",U49," x ",V49,(IF(G49="MOTOR","+PE",""))," Sqmm")) -> 1R x 0.6/1kV x 3C x 2.5 Sqmm | AX49: =(IF(K49=400,(IF(U49="1C",(4*AH49*AP49),(AH49*AP49))),IF(K49=230,(AH49*AP49)))) -> 442
A50: =1+A48 -> 30 | B50: - | C50: PMCC-1 | D50: Generator heater | E50: AMMONIA PLANT | F50: A | G50: POWER | H50: 0.4 | I50: kW | J50: 1Ph | K50: 230 | L50: 0.85 | M50: 0.95 | N50: =IF(I50="kVA",IF(J50="3Ph",(H50*1000/(1.732*M50*K50)),(H50*1000/(M50*K50))),IF(I50="kW",IF(J50="3Ph",(H50*1000/(1.732*M50*K50*L50)),(H50*1000/(M50*K50*L50))))) -> 2.1537219 | O50: =IF(G50="MOTOR",(6*N50),IF(G50="VFD",(1*N50),0)) -> 0 | P50: =IF(G50="MOTOR",0.2,"0.00") -> 0.00 | Q50: 65 | R50: 0 | S50: =(Q50*1000*SQRT(R50)/143) -> 0 | T50: AIR | U50: 3C | V50: 6 | W50: =CONCATENATE(U50," X ",V50) -> 3C X 6 | X50: =(IF(J50="1Ph",W50,IF(J50="3Ph",(IF(G50="MOTOR",(CONCATENATE(W50,"+PE")),W50))))) -> 3C X 6 | Y50: 0.6/1.0 | Z50: =IF(T50="AIR",VLOOKUP(W50,'Catalogue Aluminium'!$B$9:$G$91,2,FALSE),IF(T50="GROUND",VLOOKUP(W50,'Catalogue Aluminium'!$B$9:$G$91,3,FALSE),IF(T50="DUCT",VLOOKUP(W50,'Catalogue Aluminium'!$B$9:$G$91,4,FALSE),IF(T50="TRENCH",VLOOKUP(W50,'Catalogue Aluminium'!$B$9:$G$91,2,FALSE))))) -> 51 | AA50: =VLOOKUP(W50,'Catalogue Aluminium'!$B$9:$G$91,5,FALSE) -> 3.94 | AB50: =VLOOKUP(W50,'Catalogue Aluminium'!$B$9:$G$91,6,FALSE) -> 0.0902 | AC50: =26+3 -> 29 | AD50: =40+50+38+50+17+(27+42+30+21+20) -> 335 | AE50: =11+8+8+11 -> 38 | AF50: 8 | AG50: =ROUNDUP((SUM(AC50:AF50)*0.1),0) -> 41 | AH50: =SUM(AC50:AG50) -> 451 | AI50: =IF(T50="AIR",'Catalogue Aluminium'!$K$9,IF(T50="TRENCH",'Catalogue Aluminium'!$K$12,"NA")) -> 0.89 | AJ50: =IF(T50="Air",(IF(U50="1C",'Catalogue Aluminium'!$L$9,'Catalogue Aluminium'!$M$9)),IF(T50="DUCT",(IF($U50="1C",'Catalogue Aluminium'!$L$10,'Catalogue Aluminium'!$M$10)),IF(T50="GROUND",(IF($U50="1C",'Catalogue Aluminium'!$L$11,'Catalogue Aluminium'!$M$11)),IF(T50="TRENCH",(IF($U50="1C",'Catalogue Aluminium'!$L$12,'Catalogue Aluminium'!$M$12)))))) -> 0.66 | AK50: =IF(T50="Air",'Catalogue Aluminium'!$N$9,IF(T50="GROUND",'Catalogue Aluminium'!$N$10,IF(T50="DUCT",'Catalogue Aluminium'!$N$11,IF(T50="TRENCH",'Catalogue Aluminium'!$N$12,"NA")))) -> NA | AL50: =IF(T50="Air",(IF(U50="1C",'Catalogue Aluminium'!$O$9,'Catalogue Aluminium'!$P$9)),IF(T50="DUCT",(IF($U50="1C",'Catalogue Aluminium'!$O$10,'Catalogue Aluminium'!$P$10)),IF(T50="GROUND",(IF($U50="1C",'Catalogue Aluminium'!$O$11,'Catalogue Aluminium'!$P$11)),IF(T50="TRENCH",(IF($U50="1C",'Catalogue Aluminium'!$O$12,'Catalogue Aluminium'!$P$12)))))) -> NA | AM50: =IF(T50="AIR","NA",IF(T50="TRENCH","NA",IF(T50="DUCT",IF(U50="1C",VLOOKUP(V50,'Catalogue Aluminium'!$Q$9:$S$28,2,FALSE),VLOOKUP(V50,'Catalogue Aluminium'!$Q$9:$S$28,3)),IF(T50="GROUND",IF(U50="1C",VLOOKUP(V50,'Catalogue Aluminium'!$Q$9:$S$28,2,FALSE),VLOOKUP(V50,'Catalogue Aluminium'!$Q$9:$S$28,3)))))) -> NA | AN50: =IF(T50="AIR",AI50*AJ50,IF(T50="TRENCH",AI50*AJ50,IF(T50="DUCT",AJ50*AK50*AL50*AM50,IF(T50="GROUND",AJ50*AK50*AL50*AM50)))) -> 0.5874 | AO50: =Z50*AN50 -> 29.9574 | AP50: =CEILING(((N50)/AO50),1) -> 1 | AQ50: =IF(AO50*AP50>=N50,"YES","NO") -> YES | AR50: =SQRT(3)*AH50*N50*((AA50*L50)+(AB50*SIN(ACOS(L50))))*100/(AP50*K50*1000) -> 2.4844634 | AS50: =IF(G50="INCOMER",(IF(AR50<=2,"YES","NO")),IF(G50="POWER",(IF(AR50<=2.5,"YES","NO")),IF(G50="MOTOR",(IF(AR50<=3,"YES","NO"))))) -> YES | AT50: =IF(G50="MOTOR",(SQRT(3)*AH50*O50*((AA50*P50)+(AB50*SIN(ACOS(P50))))*100/(AP50*K50*1000)),"NA") -> NA | AU50: =IF(G50="MOTOR",IF(AT50<=15,"YES","NO"),"NA") -> NA | AV50: =IF(U50="1C",CONCATENATE(AP50,"R x ",Y50,"kV x ",U50," x ",V50," Sqmm/Phase"),CONCATENATE(AP50,"R x ",0.6,"/1kV x ",U50," x ",V50," Sqmm")) -> 1R x 0.6/1kV x 3C x 6 Sqmm | AW50: =IF(U50="1C",CONCATENATE(AP50,"R x ",Y50,"kV x ",U50," x ",V50," Sqmm/Phase"),CONCATENATE(AP50,"R x ",0.6,"/1kV x ",U50," x ",V50,(IF(G50="MOTOR","+PE",""))," Sqmm")) -> 1R x 0.6/1kV x 3C x 6 Sqmm | AX50: =(IF(K50=400,(IF(U50="1C",(4*AH50*AP50),(AH50*AP50))),IF(K50=230,(AH50*AP50)))) -> 451
A51: =1+A50 -> 31 | B51: 1401-PM-1604A | C51: PMCC-1 | D51: GSC Blower | E51: AMMONIA PLANT | F51: B | G51: MOTOR | H51: 3.7 | I51: kW | J51: 3Ph | K51: 400 | L51: 0.85 | M51: 0.95 | N51: =IF(I51="kVA",IF(J51="3Ph",(H51*1000/(1.732*M51*K51)),(H51*1000/(M51*K51))),IF(I51="kW",IF(J51="3Ph",(H51*1000/(1.732*M51*K51*L51)),(H51*1000/(M51*K51*L51))))) -> 6.6138039 | O51: =IF(G51="MOTOR",(6*N51),IF(G51="VFD",(1*N51),0)) -> 39.682823 | P51: =IF(G51="MOTOR",0.2,"0.00") -> 0.2 | Q51: 65 | R51: 0 | S51: =(Q51*1000*SQRT(R51)/143) -> 0 | T51: AIR | U51: 3C | V51: 16 | W51: =CONCATENATE(U51," X ",V51) -> 3C X 16 | X51: =(IF(J51="1Ph",W51,IF(J51="3Ph",(IF(G51="MOTOR",(CONCATENATE(W51,"+PE")),W51))))) -> 3C X 16+PE | Y51: 0.6/1.0 | Z51: =IF(T51="AIR",VLOOKUP(W51,'Catalogue Aluminium'!$B$9:$G$91,2,FALSE),IF(T51="GROUND",VLOOKUP(W51,'Catalogue Aluminium'!$B$9:$G$91,3,FALSE),IF(T51="DUCT",VLOOKUP(W51,'Catalogue Aluminium'!$B$9:$G$91,4,FALSE),IF(T51="TRENCH",VLOOKUP(W51,'Catalogue Aluminium'!$B$9:$G$91,2,FALSE))))) -> 70 | AA51: =VLOOKUP(W51,'Catalogue Aluminium'!$B$9:$G$91,5,FALSE) -> 2.44 | AB51: =VLOOKUP(W51,'Catalogue Aluminium'!$B$9:$G$91,6,FALSE) -> 0.0815 | AC51: =17+3 -> 20 | AD51: =40+50+38+50+17+(27+42+30+21+20) -> 335 | AE51: =11+8+8+11 -> 38 | AF51: 8 | AG51: =ROUNDUP((SUM(AC51:AF51)*0.1),0) -> 41 | AH51: =SUM(AC51:AG51) -> 442 | AI51: =IF(T51="AIR",'Catalogue Aluminium'!$K$9,IF(T51="TRENCH",'Catalogue Aluminium'!$K$12,"NA")) -> 0.89 | AJ51: =IF(T51="Air",(IF(U51="1C",'Catalogue Aluminium'!$L$9,'Catalogue Aluminium'!$M$9)),IF(T51="DUCT",(IF($U51="1C",'Catalogue Aluminium'!$L$10,'Catalogue Aluminium'!$M$10)),IF(T51="GROUND",(IF($U51="1C",'Catalogue Aluminium'!$L$11,'Catalogue Aluminium'!$M$11)),IF(T51="TRENCH",(IF($U51="1C",'Catalogue Aluminium'!$L$12,'Catalogue Aluminium'!$M$12)))))) -> 0.66 | AK51: =IF(T51="Air",'Catalogue Aluminium'!$N$9,IF(T51="GROUND",'Catalogue Aluminium'!$N$10,IF(T51="DUCT",'Catalogue Aluminium'!$N$11,IF(T51="TRENCH",'Catalogue Aluminium'!$N$12,"NA")))) -> NA | AL51: =IF(T51="Air",(IF(U51="1C",'Catalogue Aluminium'!$O$9,'Catalogue Aluminium'!$P$9)),IF(T51="DUCT",(IF($U51="1C",'Catalogue Aluminium'!$O$10,'Catalogue Aluminium'!$P$10)),IF(T51="GROUND",(IF($U51="1C",'Catalogue Aluminium'!$O$11,'Catalogue Aluminium'!$P$11)),IF(T51="TRENCH",(IF($U51="1C",'Catalogue Aluminium'!$O$12,'Catalogue Aluminium'!$P$12)))))) -> NA | AM51: =IF(T51="AIR","NA",IF(T51="TRENCH","NA",IF(T51="DUCT",IF(U51="1C",VLOOKUP(V51,'Catalogue Aluminium'!$Q$9:$S$28,2,FALSE),VLOOKUP(V51,'Catalogue Aluminium'!$Q$9:$S$28,3)),IF(T51="GROUND",IF(U51="1C",VLOOKUP(V51,'Catalogue Aluminium'!$Q$9:$S$28,2,FALSE),VLOOKUP(V51,'Catalogue Aluminium'!$Q$9:$S$28,3)))))) -> NA | AN51: =IF(T51="AIR",AI51*AJ51,IF(T51="TRENCH",AI51*AJ51,IF(T51="DUCT",AJ51*AK51*AL51*AM51,IF(T51="GROUND",AJ51*AK51*AL51*AM51)))) -> 0.5874 | AO51: =Z51*AN51 -> 41.118 | AP51: =CEILING(((N51)/AO51),1) -> 1 | AQ51: =IF(AO51*AP51>=N51,"YES","NO") -> YES | AR51: =SQRT(3)*AH51*N51*((AA51*L51)+(AB51*SIN(ACOS(L51))))*100/(AP51*K51*1000) -> 2.6796698 | AS51: =IF(G51="INCOMER",(IF(AR51<=2,"YES","NO")),IF(G51="POWER",(IF(AR51<=2.5,"YES","NO")),IF(G51="MOTOR",(IF(AR51<=3,"YES","NO"))))) -> YES | AT51: =IF(G51="MOTOR",(SQRT(3)*AH51*O51*((AA51*P51)+(AB51*SIN(ACOS(P51))))*100/(AP51*K51*1000)),"NA") -> 4.3128234 | AU51: =IF(G51="MOTOR",IF(AT51<=15,"YES","NO"),"NA") -> YES | AV51: =IF(U51="1C",CONCATENATE(AP51,"R x ",Y51,"kV x ",U51," x ",V51," Sqmm/Phase"),CONCATENATE(AP51,"R x ",0.6,"/1kV x ",U51," x ",V51," Sqmm")) -> 1R x 0.6/1kV x 3C x 16 Sqmm | AW51: =IF(U51="1C",CONCATENATE(AP51,"R x ",Y51,"kV x ",U51," x ",V51," Sqmm/Phase"),CONCATENATE(AP51,"R x ",0.6,"/1kV x ",U51," x ",V51,(IF(G51="MOTOR","+PE",""))," Sqmm")) -> 1R x 0.6/1kV x 3C x 16+PE Sqmm | AX51: =(IF(K51=400,(IF(U51="1C",(4*AH51*AP51),(AH51*AP51))),IF(K51=230,(AH51*AP51)))) -> 442
A52: =1+A51 -> 32 | B52: 1401-PM-1604 | C52: PMCC-1 | D52: Oil Vapour Extractor | E52: AMMONIA PLANT | F52: A | G52: MOTOR | H52: 1.5 | I52: kW | J52: 3Ph | K52: 400 | L52: 0.85 | M52: 0.95 | N52: =IF(I52="kVA",IF(J52="3Ph",(H52*1000/(1.732*M52*K52)),(H52*1000/(M52*K52))),IF(I52="kW",IF(J52="3Ph",(H52*1000/(1.732*M52*K52*L52)),(H52*1000/(M52*K52*L52))))) -> 2.6812719 | O52: =IF(G52="MOTOR",(6*N52),IF(G52="VFD",(1*N52),0)) -> 16.087631 | P52: =IF(G52="MOTOR",0.2,"0.00") -> 0.2 | Q52: 65 | R52: 0 | S52: =(Q52*1000*SQRT(R52)/143) -> 0 | T52: AIR | U52: 3C | V52: 4 | W52: =CONCATENATE(U52," X ",V52) -> 3C X 4 | X52: =(IF(J52="1Ph",W52,IF(J52="3Ph",(IF(G52="MOTOR",(CONCATENATE(W52,"+PE")),W52))))) -> 3C X 4+PE | Y52: 0.6/1.0 | Z52: =IF(T52="AIR",VLOOKUP(W52,'Catalogue Aluminium'!$B$9:$G$91,2,FALSE),IF(T52="GROUND",VLOOKUP(W52,'Catalogue Aluminium'!$B$9:$G$91,3,FALSE),IF(T52="DUCT",VLOOKUP(W52,'Catalogue Aluminium'!$B$9:$G$91,4,FALSE),IF(T52="TRENCH",VLOOKUP(W52,'Catalogue Aluminium'!$B$9:$G$91,2,FALSE))))) -> 38 | AA52: =VLOOKUP(W52,'Catalogue Aluminium'!$B$9:$G$91,5,FALSE) -> 5.9 | AB52: =VLOOKUP(W52,'Catalogue Aluminium'!$B$9:$G$91,6,FALSE) -> 0.0947 | AC52: =26+3 -> 29 | AD52: =40+50+38+50+17+(27+42+30+21+20) -> 335 | AE52: =11+8+8+11 -> 38 | AF52: 8 | AG52: =ROUNDUP((SUM(AC52:AF52)*0.1),0) -> 41 | AH52: =SUM(AC52:AG52) -> 451 | AI52: =IF(T52="AIR",'Catalogue Aluminium'!$K$9,IF(T52="TRENCH",'Catalogue Aluminium'!$K$12,"NA")) -> 0.89 | AJ52: =IF(T52="Air",(IF(U52="1C",'Catalogue Aluminium'!$L$9,'Catalogue Aluminium'!$M$9)),IF(T52="DUCT",(IF($U52="1C",'Catalogue Aluminium'!$L$10,'Catalogue Aluminium'!$M$10)),IF(T52="GROUND",(IF($U52="1C",'Catalogue Aluminium'!$L$11,'Catalogue Aluminium'!$M$11)),IF(T52="TRENCH",(IF($U52="1C",'Catalogue Aluminium'!$L$12,'Catalogue Aluminium'!$M$12)))))) -> 0.66 | AK52: =IF(T52="Air",'Catalogue Aluminium'!$N$9,IF(T52="GROUND",'Catalogue Aluminium'!$N$10,IF(T52="DUCT",'Catalogue Aluminium'!$N$11,IF(T52="TRENCH",'Catalogue Aluminium'!$N$12,"NA")))) -> NA | AL52: =IF(T52="Air",(IF(U52="1C",'Catalogue Aluminium'!$O$9,'Catalogue Aluminium'!$P$9)),IF(T52="DUCT",(IF($U52="1C",'Catalogue Aluminium'!$O$10,'Catalogue Aluminium'!$P$10)),IF(T52="GROUND",(IF($U52="1C",'Catalogue Aluminium'!$O$11,'Catalogue Aluminium'!$P$11)),IF(T52="TRENCH",(IF($U52="1C",'Catalogue Aluminium'!$O$12,'Catalogue Aluminium'!$P$12)))))) -> NA | AM52: =IF(T52="AIR","NA",IF(T52="TRENCH","NA",IF(T52="DUCT",IF(U52="1C",VLOOKUP(V52,'Catalogue Aluminium'!$Q$9:$S$28,2,FALSE),VLOOKUP(V52,'Catalogue Aluminium'!$Q$9:$S$28,3)),IF(T52="GROUND",IF(U52="1C",VLOOKUP(V52,'Catalogue Aluminium'!$Q$9:$S$28,2,FALSE),VLOOKUP(V52,'Catalogue Aluminium'!$Q$9:$S$28,3)))))) -> NA | AN52: =IF(T52="AIR",AI52*AJ52,IF(T52="TRENCH",AI52*AJ52,IF(T52="DUCT",AJ52*AK52*AL52*AM52,IF(T52="GROUND",AJ52*AK52*AL52*AM52)))) -> 0.5874 | AO52: =Z52*AN52 -> 22.3212 | AP52: =CEILING(((N52)/AO52),1) -> 1 | AQ52: =IF(AO52*AP52>=N52,"YES","NO") -> YES | AR52: =SQRT(3)*AH52*N52*((AA52*L52)+(AB52*SIN(ACOS(L52))))*100/(AP52*K52*1000) -> 2.6520868 | AS52: =IF(G52="INCOMER",(IF(AR52<=2,"YES","NO")),IF(G52="POWER",(IF(AR52<=2.5,"YES","NO")),IF(G52="MOTOR",(IF(AR52<=3,"YES","NO"))))) -> YES | AT52: =IF(G52="MOTOR",(SQRT(3)*AH52*O52*((AA52*P52)+(AB52*SIN(ACOS(P52))))*100/(AP52*K52*1000)),"NA") -> 3.9987559 | AU52: =IF(G52="MOTOR",IF(AT52<=15,"YES","NO"),"NA") -> YES | AV52: =IF(U52="1C",CONCATENATE(AP52,"R x ",Y52,"kV x ",U52," x ",V52," Sqmm/Phase"),CONCATENATE(AP52,"R x ",0.6,"/1kV x ",U52," x ",V52," Sqmm")) -> 1R x 0.6/1kV x 3C x 4 Sqmm | AW52: =IF(U52="1C",CONCATENATE(AP52,"R x ",Y52,"kV x ",U52," x ",V52," Sqmm/Phase"),CONCATENATE(AP52,"R x ",0.6,"/1kV x ",U52," x ",V52,(IF(G52="MOTOR","+PE",""))," Sqmm")) -> 1R x 0.6/1kV x 3C x 4+PE Sqmm | AX52: =(IF(K52=400,(IF(U52="1C",(4*AH52*AP52),(AH52*AP52))),IF(K52=230,(AH52*AP52)))) -> 451
A53: =1+A52 -> 33 | B53: 1401-HT-1601 | C53: PMCC-1 | D53: Heater for oil tank | E53: AMMONIA PLANT | F53: B | G53: POWER | H53: 7.5 | I53: kW | J53: 3Ph | K53: 400 | L53: 0.85 | M53: 0.95 | N53: =IF(I53="kVA",IF(J53="3Ph",(H53*1000/(1.732*M53*K53)),(H53*1000/(M53*K53))),IF(I53="kW",IF(J53="3Ph",(H53*1000/(1.732*M53*K53*L53)),(H53*1000/(M53*K53*L53))))) -> 13.406359 | O53: =IF(G53="MOTOR",(6*N53),IF(G53="VFD",(1*N53),0)) -> 0 | P53: =IF(G53="MOTOR",0.2,"0.00") -> 0.00 | Q53: 65 | R53: 0 | S53: =(Q53*1000*SQRT(R53)/143) -> 0 | T53: AIR | U53: 3.5C | V53: 35 | W53: =CONCATENATE(U53," X ",V53) -> 3.5C X 35 | X53: =(IF(J53="1Ph",W53,IF(J53="3Ph",(IF(G53="MOTOR",(CONCATENATE(W53,"+PE")),W53))))) -> 3.5C X 35 | Y53: 0.6/1.0 | Z53: =IF(T53="AIR",VLOOKUP(W53,'Catalogue Aluminium'!$B$9:$G$91,2,FALSE),IF(T53="GROUND",VLOOKUP(W53,'Catalogue Aluminium'!$B$9:$G$91,3,FALSE),IF(T53="DUCT",VLOOKUP(W53,'Catalogue Aluminium'!$B$9:$G$91,4,FALSE),IF(T53="TRENCH",VLOOKUP(W53,'Catalogue Aluminium'!$B$9:$G$91,2,FALSE))))) -> 117 | AA53: =VLOOKUP(W53,'Catalogue Aluminium'!$B$9:$G$91,5,FALSE) -> 1.11 | AB53: =VLOOKUP(W53,'Catalogue Aluminium'!$B$9:$G$91,6,FALSE) -> 0.0794 | AC53: =17+3 -> 20 | AD53: =40+50+38+50+17+(27+42+30+21+20) -> 335 | AE53: =11+8+8+11 -> 38 | AF53: 8 | AG53: =ROUNDUP((SUM(AC53:AF53)*0.1),0) -> 41 | AH53: 437 | AI53: =IF(T53="AIR",'Catalogue Aluminium'!$K$9,IF(T53="TRENCH",'Catalogue Aluminium'!$K$12,"NA")) -> 0.89 | AJ53: =IF(T53="Air",(IF(U53="1C",'Catalogue Aluminium'!$L$9,'Catalogue Aluminium'!$M$9)),IF(T53="DUCT",(IF($U53="1C",'Catalogue Aluminium'!$L$10,'Catalogue Aluminium'!$M$10)),IF(T53="GROUND",(IF($U53="1C",'Catalogue Aluminium'!$L$11,'Catalogue Aluminium'!$M$11)),IF(T53="TRENCH",(IF($U53="1C",'Catalogue Aluminium'!$L$12,'Catalogue Aluminium'!$M$12)))))) -> 0.66 | AK53: =IF(T53="Air",'Catalogue Aluminium'!$N$9,IF(T53="GROUND",'Catalogue Aluminium'!$N$10,IF(T53="DUCT",'Catalogue Aluminium'!$N$11,IF(T53="TRENCH",'Catalogue Aluminium'!$N$12,"NA")))) -> NA | AL53: =IF(T53="Air",(IF(U53="1C",'Catalogue Aluminium'!$O$9,'Catalogue Aluminium'!$P$9)),IF(T53="DUCT",(IF($U53="1C",'Catalogue Aluminium'!$O$10,'Catalogue Aluminium'!$P$10)),IF(T53="GROUND",(IF($U53="1C",'Catalogue Aluminium'!$O$11,'Catalogue Aluminium'!$P$11)),IF(T53="TRENCH",(IF($U53="1C",'Catalogue Aluminium'!$O$12,'Catalogue Aluminium'!$P$12)))))) -> NA | AM53: =IF(T53="AIR","NA",IF(T53="TRENCH","NA",IF(T53="DUCT",IF(U53="1C",VLOOKUP(V53,'Catalogue Aluminium'!$Q$9:$S$28,2,FALSE),VLOOKUP(V53,'Catalogue Aluminium'!$Q$9:$S$28,3)),IF(T53="GROUND",IF(U53="1C",VLOOKUP(V53,'Catalogue Aluminium'!$Q$9:$S$28,2,FALSE),VLOOKUP(V53,'Catalogue Aluminium'!$Q$9:$S$28,3)))))) -> NA | AN53: =IF(T53="AIR",AI53*AJ53,IF(T53="TRENCH",AI53*AJ53,IF(T53="DUCT",AJ53*AK53*AL53*AM53,IF(T53="GROUND",AJ53*AK53*AL53*AM53)))) -> 0.5874 | AO53: =Z53*AN53 -> 68.7258 | AP53: =CEILING(((N53)/AO53),1) -> 1 | AQ53: =IF(AO53*AP53>=N53,"YES","NO") -> YES | AR53: =SQRT(3)*AH53*N53*((AA53*L53)+(AB53*SIN(ACOS(L53))))*100/(AP53*K53*1000) -> 2.4996149 | AS53: =IF(G53="INCOMER",(IF(AR53<=2,"YES","NO")),IF(G53="POWER",(IF(AR53<=2.5,"YES","NO")),IF(G53="MOTOR",(IF(AR53<=3,"YES","NO"))))) -> YES | AT53: =IF(G53="MOTOR",(SQRT(3)*AH53*O53*((AA53*P53)+(AB53*SIN(ACOS(P53))))*100/(AP53*K53*1000)),"NA") -> NA | AU53: =IF(G53="MOTOR",IF(AT53<=15,"YES","NO"),"NA") -> NA | AV53: =IF(U53="1C",CONCATENATE(AP53,"R x ",Y53,"kV x ",U53," x ",V53," Sqmm/Phase"),CONCATENATE(AP53,"R x ",0.6,"/1kV x ",U53," x ",V53," Sqmm")) -> 1R x 0.6/1kV x 3.5C x 35 Sqmm | AW53: =IF(U53="1C",CONCATENATE(AP53,"R x ",Y53,"kV x ",U53," x ",V53," Sqmm/Phase"),CONCATENATE(AP53,"R x ",0.6,"/1kV x ",U53," x ",V53,(IF(G53="MOTOR","+PE",""))," Sqmm")) -> 1R x 0.6/1kV x 3.5C x 35 Sqmm | AX53: =(IF(K53=400,(IF(U53="1C",(4*AH53*AP53),(AH53*AP53))),IF(K53=230,(AH53*AP53)))) -> 437
